{"type":"FeatureCollection","name":"skoledistrikter_koebenhavn","source":{"name":"skoledistrikter_koebenhavn","provider":"Københavns Kommune WFS (k101:skolegrunddistrikt)","url":"https://wfs-kbhkort.kk.dk/k101/ows?service=WFS&version=1.0.0&request=GetFeature&typeName=k101:skolegrunddistrikt&outputFormat=json&srsName=EPSG:4326","crs":"EPSG:4326","dataVersion":"systid_fra 2025-10-07","retrieved":"2026-09-28","note":"schoolIds = institution number (matches data/raw/register.json id)"},"features":[{"type":"Feature","properties":{"name":"Amager Fælled Skole","schoolIds":["101174"]},"geometry":{"type":"MultiPolygon","coordinates":[[[[12.603977,55.661254],[12.602717,55.660475],[12.602645,55.660454],[12.601627,55.660024],[12.601648,55.660006],[12.600898,55.659666],[12.600337,55.659395],[12.599446,55.658962],[12.598359,55.658442],[12.597057,55.657789],[12.59699,55.657698],[12.596439,55.656266],[12.596049,55.655214],[12.595956,55.654956],[12.594215,55.654988],[12.594205,55.65506],[12.594098,55.655296],[12.59365,55.65575],[12.593571,55.655826],[12.592925,55.656439],[12.592737,55.656618],[12.592414,55.656928],[12.59233,55.657336],[12.592401,55.657938],[12.592582,55.658382],[12.593987,55.663004],[12.59224,55.663209],[12.589367,55.663533],[12.584885,55.664088],[12.583924,55.664339],[12.582485,55.664955],[12.581635,55.665314],[12.580199,55.665921],[12.579431,55.666255],[12.578482,55.666667],[12.578469,55.666672],[12.576479,55.667498],[12.577313,55.668128],[12.577229,55.668239],[12.577173,55.668309],[12.577124,55.668371],[12.577099,55.668418],[12.577379,55.668631],[12.577416,55.668701],[12.577527,55.668742],[12.57787,55.669001],[12.578252,55.668838],[12.578556,55.669054],[12.578421,55.669122],[12.578486,55.669169],[12.578637,55.669118],[12.579251,55.669593],[12.579221,55.669634],[12.579403,55.669755],[12.579596,55.669881],[12.5796,55.669879],[12.579613,55.669873],[12.579751,55.669806],[12.580955,55.669223],[12.58119,55.669109],[12.581312,55.66905],[12.581413,55.669001],[12.581707,55.668859],[12.581927,55.668752],[12.582173,55.668654],[12.582287,55.668609],[12.582711,55.668498],[12.586613,55.667828],[12.586744,55.667805],[12.587115,55.667748],[12.587429,55.667711],[12.587739,55.66769],[12.590263,55.667561],[12.595001,55.668281],[12.595625,55.668381],[12.59509,55.666542],[12.595034,55.666521],[12.594432,55.664402],[12.5946,55.664438],[12.594708,55.664468],[12.594861,55.664515],[12.595009,55.664567],[12.595128,55.664615],[12.59514,55.66462],[12.595279,55.664683],[12.59541,55.664751],[12.595484,55.664794],[12.595588,55.664862],[12.595644,55.664902],[12.595678,55.664927],[12.595711,55.664952],[12.595734,55.664971],[12.595757,55.664989],[12.59578,55.665008],[12.595802,55.665027],[12.595817,55.665041],[12.595831,55.665054],[12.595846,55.665068],[12.59586,55.665082],[12.595874,55.665096],[12.595901,55.665124],[12.595926,55.665153],[12.595939,55.665167],[12.595953,55.665184],[12.596019,55.665169],[12.596118,55.665145],[12.597021,55.664921],[12.598509,55.665269],[12.598722,55.665608],[12.599468,55.665432],[12.599901,55.664992],[12.600099,55.664805],[12.600238,55.664674],[12.600533,55.664353],[12.600877,55.663981],[12.601356,55.663467],[12.601528,55.663287],[12.601574,55.663238],[12.601902,55.662963],[12.602416,55.66253],[12.603977,55.661254]]]]}},{"type":"Feature","properties":{"name":"Bavnehøj Skole","schoolIds":["101062"]},"geometry":{"type":"MultiPolygon","coordinates":[[[[12.518906,55.663533],[12.51884,55.663442],[12.518227,55.663455],[12.516287,55.663469],[12.516726,55.661638],[12.518829,55.661684],[12.519463,55.661772],[12.519634,55.660366],[12.519878,55.658123],[12.52002,55.656967],[12.520076,55.656341],[12.520467,55.652928],[12.520454,55.652786],[12.52034,55.652343],[12.520339,55.652336],[12.520335,55.65229],[12.520338,55.652244],[12.520347,55.652198],[12.520349,55.652193],[12.520398,55.651774],[12.520461,55.651672],[12.520493,55.651564],[12.52081,55.651487],[12.521124,55.651512],[12.521829,55.651421],[12.522151,55.651432],[12.522888,55.651349],[12.523307,55.651341],[12.523865,55.651378],[12.524314,55.651443],[12.525988,55.651615],[12.526053,55.651628],[12.52613,55.65165],[12.526181,55.651669],[12.526223,55.651694],[12.526269,55.651714],[12.526334,55.651735],[12.526404,55.65175],[12.526411,55.651751],[12.526418,55.651752],[12.526425,55.651753],[12.526433,55.651754],[12.52644,55.651754],[12.526447,55.651755],[12.527551,55.651864],[12.527764,55.651047],[12.528172,55.651131],[12.528174,55.651132],[12.52824,55.651145],[12.528639,55.651258],[12.52889,55.65133],[12.529475,55.651496],[12.530388,55.651757],[12.530727,55.651854],[12.531222,55.651997],[12.532034,55.652227],[12.53228,55.652297],[12.533141,55.652544],[12.533275,55.652583],[12.533521,55.652654],[12.533736,55.652716],[12.533915,55.652769],[12.534167,55.652842],[12.534354,55.652896],[12.534533,55.652948],[12.534717,55.653001],[12.534964,55.653073],[12.535144,55.653125],[12.535321,55.653177],[12.535422,55.653206],[12.535736,55.653292],[12.535782,55.653304],[12.53607,55.653372],[12.536156,55.653394],[12.536338,55.65344],[12.536521,55.653486],[12.536653,55.653519],[12.536768,55.653551],[12.536949,55.653601],[12.537127,55.653651],[12.537149,55.653657],[12.53731,55.653699],[12.537556,55.653763],[12.537731,55.653808],[12.537916,55.653857],[12.537985,55.653875],[12.538205,55.65393],[12.538318,55.653968],[12.538463,55.654017],[12.538424,55.65411],[12.540269,55.654602],[12.540178,55.654714],[12.544018,55.655716],[12.544329,55.655686],[12.545828,55.656086],[12.548197,55.65642],[12.552791,55.657086],[12.554169,55.657285],[12.554869,55.65741],[12.554872,55.65741],[12.554949,55.657424],[12.555026,55.65744],[12.555101,55.657456],[12.555176,55.657473],[12.55525,55.657491],[12.555323,55.657511],[12.555396,55.657531],[12.555467,55.657553],[12.555538,55.657575],[12.555607,55.657599],[12.555675,55.657623],[12.555743,55.657649],[12.555809,55.657675],[12.555873,55.657702],[12.555937,55.657731],[12.555999,55.65776],[12.556061,55.65779],[12.55612,55.65782],[12.556179,55.657852],[12.556235,55.657885],[12.556291,55.657918],[12.556345,55.657952],[12.556397,55.657987],[12.556448,55.658022],[12.556497,55.658059],[12.556545,55.658096],[12.556591,55.658133],[12.556635,55.658172],[12.556678,55.65821],[12.556718,55.65825],[12.556757,55.65829],[12.556795,55.658331],[12.55683,55.658372],[12.556864,55.658413],[12.556895,55.658455],[12.556925,55.658498],[12.556953,55.658541],[12.556979,55.658584],[12.557003,55.658628],[12.557025,55.658672],[12.557045,55.658716],[12.557064,55.65876],[12.55708,55.658805],[12.557094,55.65885],[12.557201,55.659739],[12.557252,55.660501],[12.557427,55.660981],[12.557429,55.660986],[12.557441,55.661032],[12.557456,55.661077],[12.557474,55.661122],[12.557495,55.661167],[12.557519,55.66121],[12.557547,55.661254],[12.557577,55.661297],[12.55761,55.661339],[12.557646,55.66138],[12.557685,55.66142],[12.557726,55.66146],[12.557771,55.661499],[12.557818,55.661536],[12.557867,55.661573],[12.557919,55.661608],[12.557974,55.661642],[12.55803,55.661675],[12.558089,55.661707],[12.558151,55.661738],[12.558214,55.661767],[12.558279,55.661794],[12.558292,55.6618],[12.561464,55.663263],[12.558774,55.665185],[12.554832,55.664863],[12.552241,55.664514],[12.547306,55.663808],[12.541719,55.663005],[12.541592,55.662504],[12.541286,55.662554],[12.540491,55.662707],[12.539263,55.662861],[12.537336,55.663047],[12.534996,55.663151],[12.535271,55.66447],[12.535243,55.665711],[12.532969,55.665722],[12.53294,55.666148],[12.532018,55.666161],[12.530428,55.666087],[12.528918,55.666098],[12.530128,55.663893],[12.530545,55.66387],[12.530582,55.663379],[12.529776,55.663366],[12.529609,55.663368],[12.52675,55.663409],[12.525001,55.663438],[12.524416,55.663449],[12.523818,55.663461],[12.523699,55.663401],[12.5232,55.663394],[12.521727,55.66342],[12.520799,55.66346],[12.519876,55.663499],[12.518906,55.663533]],[[12.523051,55.65645],[12.526164,55.656584],[12.527551,55.651864],[12.525824,55.652177],[12.523704,55.652888],[12.523051,55.65645]]]]}},{"type":"Feature","properties":{"name":"Bellahøj Skole","schoolIds":["101011"]},"geometry":{"type":"MultiPolygon","coordinates":[[[[12.503302,55.711684],[12.503302,55.711684],[12.503262,55.711645],[12.503057,55.711526],[12.502821,55.711454],[12.502675,55.711436],[12.502571,55.711424],[12.502457,55.711419],[12.502346,55.711421],[12.502333,55.711421],[12.502207,55.711425],[12.501955,55.711452],[12.501566,55.711486],[12.501236,55.711504],[12.500841,55.711515],[12.50055,55.711514],[12.50055,55.711514],[12.500344,55.711513],[12.500147,55.711511],[12.499885,55.711497],[12.499498,55.711476],[12.499443,55.711476],[12.499292,55.711028],[12.499526,55.711038],[12.499603,55.710886],[12.499689,55.710497],[12.49977,55.710383],[12.499769,55.710228],[12.499802,55.710003],[12.498971,55.710049],[12.498909,55.709732],[12.499025,55.709725],[12.499851,55.709678],[12.499859,55.709619],[12.49996,55.709587],[12.499503,55.70944],[12.499077,55.707212],[12.498655,55.707209],[12.498438,55.707215],[12.498147,55.705611],[12.498147,55.705599],[12.498148,55.705551],[12.498151,55.705503],[12.498156,55.705455],[12.498163,55.705408],[12.498172,55.70536],[12.498184,55.705312],[12.498197,55.705265],[12.498212,55.705218],[12.498229,55.70517],[12.498248,55.705124],[12.498269,55.705077],[12.498292,55.705031],[12.498317,55.704985],[12.498344,55.70494],[12.498373,55.704894],[12.498404,55.70485],[12.498407,55.704845],[12.498649,55.704514],[12.498766,55.704498],[12.49886,55.704486],[12.49893,55.704478],[12.499001,55.704471],[12.499048,55.704466],[12.499059,55.704466],[12.499144,55.704466],[12.499228,55.704466],[12.499341,55.704467],[12.499425,55.704468],[12.499509,55.704471],[12.499594,55.704473],[12.499678,55.704477],[12.499734,55.70448],[12.49979,55.704483],[12.499874,55.704488],[12.49993,55.704491],[12.499986,55.704495],[12.500045,55.7045],[12.500098,55.704504],[12.500153,55.704509],[12.500209,55.704514],[12.500237,55.704517],[12.500264,55.704519],[12.500292,55.704522],[12.500347,55.704528],[12.500403,55.704534],[12.500458,55.704541],[12.500513,55.704547],[12.500568,55.704554],[12.500595,55.704558],[12.500623,55.704561],[12.50065,55.704565],[12.500679,55.704569],[12.500732,55.704577],[12.500786,55.704585],[12.500825,55.704591],[12.500846,55.704594],[12.500895,55.704602],[12.500938,55.704609],[12.501003,55.70462],[12.501727,55.704749],[12.503639,55.705033],[12.503728,55.704813],[12.503785,55.703053],[12.503792,55.702833],[12.503373,55.701367],[12.503238,55.701119],[12.504507,55.70093],[12.505567,55.701511],[12.505924,55.701869],[12.506035,55.701981],[12.506324,55.7024],[12.506808,55.702469],[12.507084,55.702492],[12.507016,55.7024],[12.506853,55.702098],[12.506669,55.701783],[12.506901,55.701697],[12.50687,55.701625],[12.506813,55.701564],[12.506602,55.701403],[12.50651,55.701293],[12.506443,55.701188],[12.506401,55.701106],[12.506355,55.701082],[12.5062,55.701012],[12.506034,55.700956],[12.505887,55.700856],[12.505773,55.700866],[12.505599,55.700855],[12.505472,55.700834],[12.505323,55.70079],[12.505152,55.700677],[12.506305,55.699922],[12.506269,55.699805],[12.506335,55.699648],[12.508189,55.698567],[12.508299,55.698667],[12.50933,55.699608],[12.510111,55.700322],[12.510259,55.700456],[12.510308,55.7005],[12.511385,55.701486],[12.511957,55.701998],[12.512142,55.702241],[12.512496,55.702932],[12.513832,55.705608],[12.514288,55.706479],[12.515937,55.706643],[12.514636,55.707341],[12.513992,55.707699],[12.512882,55.708266],[12.511919,55.708584],[12.510087,55.70901],[12.509454,55.709185],[12.509168,55.709292],[12.508439,55.709629],[12.508262,55.709732],[12.508063,55.709882],[12.50722,55.710635],[12.507167,55.710672],[12.506844,55.71096],[12.506575,55.711201],[12.506373,55.711372],[12.506086,55.711624],[12.50579,55.711896],[12.505625,55.712038],[12.505478,55.712174],[12.504827,55.712764],[12.504361,55.71259],[12.504219,55.712557],[12.50399,55.712523],[12.503837,55.712481],[12.503723,55.712432],[12.503668,55.712399],[12.503598,55.712339],[12.503545,55.712285],[12.503511,55.71223],[12.503506,55.712222],[12.503486,55.71218],[12.503473,55.712135],[12.503468,55.712042],[12.503449,55.711926],[12.503446,55.711875],[12.503371,55.711749],[12.503302,55.711684]]]]}},{"type":"Feature","properties":{"name":"Blågård Skole","schoolIds":["101008"]},"geometry":{"type":"MultiPolygon","coordinates":[[[[12.559904,55.684424],[12.56167,55.686259],[12.562228,55.686798],[12.562629,55.68714],[12.563097,55.687535],[12.563989,55.688211],[12.562369,55.688886],[12.563066,55.689518],[12.563382,55.689746],[12.561709,55.690548],[12.561329,55.690746],[12.561003,55.690865],[12.560277,55.690665],[12.558591,55.691398],[12.557521,55.691873],[12.555054,55.690223],[12.554539,55.690565],[12.553041,55.691555],[12.54884,55.69434],[12.546694,55.692453],[12.545622,55.691503],[12.544661,55.690653],[12.544776,55.690603],[12.545581,55.69029],[12.54477,55.689618],[12.544692,55.689608],[12.544651,55.689622],[12.544314,55.690357],[12.542754,55.688986],[12.54194,55.689302],[12.54262,55.689899],[12.541038,55.692271],[12.540727,55.692385],[12.53965,55.691317],[12.539254,55.690925],[12.538882,55.691149],[12.537302,55.69024],[12.537578,55.689967],[12.537633,55.689908],[12.537774,55.689789],[12.537838,55.68975],[12.537892,55.68973],[12.537945,55.68971],[12.53814,55.689639],[12.538215,55.689609],[12.538331,55.689554],[12.538504,55.689462],[12.538677,55.689369],[12.538865,55.689273],[12.539053,55.689177],[12.539251,55.689075],[12.539604,55.688893],[12.539863,55.68876],[12.539957,55.688711],[12.540022,55.688677],[12.540284,55.688538],[12.540496,55.688425],[12.540846,55.688088],[12.540888,55.688032],[12.541181,55.687709],[12.541449,55.687594],[12.54155,55.687526],[12.541803,55.687355],[12.541991,55.687272],[12.542144,55.687212],[12.542124,55.687198],[12.542305,55.687119],[12.542388,55.687083],[12.5431,55.686836],[12.543467,55.686726],[12.54386,55.686607],[12.544017,55.68656],[12.544116,55.68653],[12.544395,55.686431],[12.544591,55.686354],[12.544772,55.686266],[12.545533,55.68586],[12.546142,55.685527],[12.546167,55.685539],[12.546498,55.685366],[12.546585,55.68533],[12.546837,55.685271],[12.546991,55.68525],[12.547062,55.685245],[12.547093,55.685232],[12.547217,55.685228],[12.547606,55.687276],[12.551096,55.685988],[12.550298,55.685063],[12.552377,55.684929],[12.55324,55.684874],[12.553334,55.684859],[12.553402,55.68484],[12.553608,55.684769],[12.554213,55.684557],[12.554395,55.684494],[12.55462,55.684404],[12.554709,55.684358],[12.554878,55.684247],[12.555016,55.684084],[12.55523,55.683845],[12.553692,55.681614],[12.554187,55.681498],[12.557342,55.681749],[12.557717,55.682137],[12.55786,55.682329],[12.55807,55.682517],[12.559904,55.684424]]]]}},{"type":"Feature","properties":{"name":"Brønshøj Skole","schoolIds":["101012"]},"geometry":{"type":"MultiPolygon","coordinates":[[[[12.494366,55.711392],[12.494291,55.711322],[12.49424,55.711285],[12.494186,55.71125],[12.49413,55.711215],[12.494072,55.711182],[12.494011,55.711151],[12.493943,55.711115],[12.493882,55.711086],[12.493819,55.711059],[12.493753,55.711034],[12.493684,55.711011],[12.493614,55.71099],[12.493541,55.710972],[12.493467,55.710956],[12.493391,55.710942],[12.493314,55.710931],[12.493236,55.710923],[12.493157,55.710917],[12.493077,55.710913],[12.492998,55.710913],[12.492918,55.710914],[12.492839,55.710919],[12.49276,55.710926],[12.492683,55.710935],[12.492606,55.710947],[12.492593,55.710949],[12.491953,55.711064],[12.49144,55.711108],[12.490388,55.711077],[12.490301,55.711066],[12.490216,55.711053],[12.490132,55.711037],[12.49005,55.711019],[12.489969,55.710998],[12.489891,55.710975],[12.489814,55.710949],[12.48974,55.710922],[12.489669,55.710892],[12.4896,55.710861],[12.489535,55.710827],[12.489473,55.710791],[12.489414,55.710754],[12.489358,55.710715],[12.489306,55.710675],[12.489258,55.710633],[12.489214,55.710589],[12.489174,55.710545],[12.489138,55.710499],[12.489132,55.710491],[12.488248,55.709182],[12.488225,55.709149],[12.488181,55.709106],[12.488124,55.709069],[12.488057,55.709038],[12.487829,55.708957],[12.48776,55.708933],[12.487691,55.70891],[12.487621,55.708888],[12.487549,55.708867],[12.487477,55.708847],[12.487404,55.708828],[12.48733,55.70881],[12.487255,55.708793],[12.48718,55.708777],[12.4871,55.708762],[12.48702,55.708748],[12.486939,55.708737],[12.486858,55.708727],[12.486776,55.708719],[12.486693,55.708712],[12.48661,55.708708],[12.486527,55.708705],[12.486444,55.708704],[12.486361,55.708705],[12.486278,55.708707],[12.486195,55.708712],[12.486112,55.708718],[12.486027,55.708726],[12.485945,55.70874],[12.485803,55.708809],[12.48585,55.708727],[12.485866,55.708678],[12.485876,55.70858],[12.485829,55.708434],[12.485759,55.708344],[12.485128,55.707815],[12.489963,55.705962],[12.487853,55.70419],[12.487456,55.703812],[12.485387,55.701882],[12.484942,55.701473],[12.483965,55.700556],[12.485473,55.698313],[12.486211,55.698358],[12.486824,55.6984],[12.486986,55.698416],[12.488044,55.69848],[12.488544,55.698518],[12.489332,55.698565],[12.490304,55.698628],[12.490205,55.697399],[12.490963,55.697437],[12.492833,55.697532],[12.493825,55.697726],[12.494343,55.697827],[12.494849,55.697871],[12.498384,55.698002],[12.50286,55.698218],[12.501316,55.699293],[12.503238,55.701119],[12.503373,55.701367],[12.503792,55.702833],[12.503785,55.703053],[12.503728,55.704813],[12.503639,55.705033],[12.501727,55.704749],[12.501003,55.70462],[12.500938,55.704609],[12.500895,55.704602],[12.500846,55.704594],[12.500825,55.704591],[12.500786,55.704585],[12.500732,55.704577],[12.500679,55.704569],[12.50065,55.704565],[12.500623,55.704561],[12.500595,55.704558],[12.500568,55.704554],[12.500513,55.704547],[12.500458,55.704541],[12.500403,55.704534],[12.500347,55.704528],[12.500292,55.704522],[12.500264,55.704519],[12.500237,55.704517],[12.500209,55.704514],[12.500153,55.704509],[12.500098,55.704504],[12.500045,55.7045],[12.499986,55.704495],[12.49993,55.704491],[12.499874,55.704488],[12.49979,55.704483],[12.499734,55.70448],[12.499678,55.704477],[12.499594,55.704473],[12.499509,55.704471],[12.499425,55.704468],[12.499341,55.704467],[12.499228,55.704466],[12.499144,55.704466],[12.499059,55.704466],[12.499048,55.704466],[12.499001,55.704471],[12.49893,55.704478],[12.49886,55.704486],[12.498766,55.704498],[12.498649,55.704514],[12.498407,55.704845],[12.498404,55.70485],[12.498373,55.704894],[12.498344,55.70494],[12.498317,55.704985],[12.498292,55.705031],[12.498269,55.705077],[12.498248,55.705124],[12.498229,55.70517],[12.498212,55.705218],[12.498197,55.705265],[12.498184,55.705312],[12.498172,55.70536],[12.498163,55.705408],[12.498156,55.705455],[12.498151,55.705503],[12.498148,55.705551],[12.498147,55.705599],[12.498147,55.705611],[12.498438,55.707215],[12.498655,55.707209],[12.499077,55.707212],[12.499503,55.70944],[12.49996,55.709587],[12.499859,55.709619],[12.499851,55.709678],[12.499025,55.709725],[12.498909,55.709732],[12.498971,55.710049],[12.499802,55.710003],[12.499769,55.710228],[12.49977,55.710383],[12.499689,55.710497],[12.499603,55.710886],[12.499526,55.711038],[12.499292,55.711028],[12.499443,55.711476],[12.499362,55.711476],[12.499163,55.711499],[12.499004,55.711529],[12.498882,55.711563],[12.498725,55.711609],[12.498581,55.711674],[12.498442,55.711759],[12.498307,55.711849],[12.498109,55.71196],[12.497949,55.712048],[12.497789,55.712119],[12.497675,55.712164],[12.497511,55.712222],[12.497386,55.712264],[12.497241,55.712301],[12.497083,55.712343],[12.496827,55.712398],[12.496819,55.712399],[12.496694,55.712423],[12.496518,55.712453],[12.496359,55.71247],[12.496216,55.712474],[12.496069,55.71247],[12.495891,55.712453],[12.495712,55.712424],[12.495557,55.712391],[12.495418,55.71235],[12.495281,55.712299],[12.495141,55.712233],[12.49504,55.712178],[12.495034,55.712175],[12.494798,55.712021],[12.494645,55.711871],[12.494604,55.711831],[12.494591,55.711811],[12.49448,55.711637],[12.49447,55.711615],[12.494366,55.711392]]]]}},{"type":"Feature","properties":{"name":"Christianshavns Skole","schoolIds":["101047"]},"geometry":{"type":"MultiPolygon","coordinates":[[[[12.619719,55.698022],[12.619708,55.698027],[12.619686,55.698035],[12.619666,55.698041],[12.619644,55.698046],[12.619611,55.698051],[12.619581,55.698053],[12.619562,55.698053],[12.619545,55.698052],[12.619496,55.69805],[12.615495,55.697841],[12.616035,55.698502],[12.616353,55.698763],[12.616184,55.701659],[12.616189,55.701735],[12.61461,55.702006],[12.615331,55.703111],[12.614737,55.703717],[12.612813,55.703908],[12.613313,55.704957],[12.613274,55.70504],[12.61318,55.705204],[12.613134,55.705286],[12.61309,55.705369],[12.61305,55.705452],[12.613008,55.705535],[12.612969,55.705619],[12.612937,55.705703],[12.612882,55.705873],[12.612854,55.705958],[12.612821,55.706042],[12.612786,55.706126],[12.612764,55.706211],[12.612745,55.706297],[12.612726,55.706382],[12.612708,55.706468],[12.612699,55.706554],[12.612695,55.70664],[12.612689,55.706727],[12.612683,55.706813],[12.612677,55.706899],[12.612672,55.706985],[12.612671,55.707071],[12.612678,55.707158],[12.612686,55.707244],[12.612686,55.70733],[12.612699,55.707416],[12.612719,55.707501],[12.612738,55.707587],[12.612756,55.707673],[12.612773,55.707718],[12.612785,55.70772],[12.612796,55.707722],[12.612807,55.707724],[12.612818,55.707727],[12.612828,55.70773],[12.612837,55.707735],[12.612844,55.70774],[12.612849,55.707746],[12.612851,55.707752],[12.61285,55.707759],[12.612847,55.707766],[12.612842,55.707773],[12.612837,55.707779],[12.612831,55.707785],[12.612825,55.707791],[12.612818,55.707796],[12.61281,55.707801],[12.612801,55.707805],[12.612791,55.707809],[12.612779,55.707811],[12.612767,55.707811],[12.612755,55.707811],[12.612742,55.707809],[12.612731,55.707807],[12.612719,55.707803],[12.612705,55.707798],[12.612691,55.707791],[12.612678,55.707784],[12.612669,55.707777],[12.612663,55.707772],[12.612663,55.707768],[12.612671,55.707766],[12.61262,55.707488],[12.612602,55.707387],[12.612587,55.707286],[12.612575,55.707185],[12.61257,55.707083],[12.612573,55.706982],[12.612579,55.706881],[12.612584,55.706779],[12.612591,55.706678],[12.612593,55.706636],[12.612574,55.706628],[12.61256,55.706616],[12.612558,55.706603],[12.612559,55.706589],[12.61256,55.706576],[12.612561,55.706562],[12.612561,55.706548],[12.612563,55.706535],[12.612564,55.706521],[12.612565,55.706507],[12.612567,55.706494],[12.612568,55.70648],[12.61257,55.706466],[12.612573,55.706453],[12.612575,55.706439],[12.612578,55.706425],[12.612581,55.706412],[12.612585,55.706398],[12.612593,55.706371],[12.612608,55.706317],[12.612616,55.70629],[12.61262,55.706276],[12.612623,55.706263],[12.612627,55.706249],[12.612631,55.706236],[12.612635,55.706222],[12.61264,55.706209],[12.612644,55.706195],[12.612648,55.706182],[12.612652,55.706169],[12.612657,55.706155],[12.612661,55.706142],[12.612666,55.706128],[12.61267,55.706115],[12.612675,55.706102],[12.61268,55.706088],[12.612685,55.706075],[12.61269,55.706061],[12.612706,55.706021],[12.612726,55.705968],[12.612762,55.705874],[12.612773,55.705847],[12.612788,55.705807],[12.612798,55.705781],[12.612803,55.705767],[12.612808,55.705754],[12.612813,55.70574],[12.612818,55.705727],[12.612823,55.705714],[12.612832,55.705687],[12.612847,55.705647],[12.612852,55.705633],[12.612856,55.70562],[12.612866,55.705593],[12.612871,55.70558],[12.612876,55.705566],[12.612881,55.705553],[12.612886,55.705539],[12.612891,55.705526],[12.612896,55.705513],[12.612902,55.705499],[12.612907,55.705486],[12.612913,55.705473],[12.612919,55.705459],[12.612925,55.705446],[12.612931,55.705433],[12.612938,55.70542],[12.612945,55.705407],[12.612952,55.705394],[12.612959,55.70538],[12.612966,55.705367],[12.612973,55.705354],[12.612981,55.705341],[12.612989,55.705328],[12.612996,55.705315],[12.613027,55.705263],[12.613035,55.705251],[12.613043,55.705238],[12.613088,55.70516],[12.613096,55.705147],[12.613111,55.705121],[12.613127,55.705095],[12.613142,55.705069],[12.61315,55.705056],[12.613158,55.705043],[12.613173,55.705017],[12.613181,55.705004],[12.613189,55.704991],[12.613197,55.704978],[12.613205,55.704965],[12.613213,55.704952],[12.613221,55.704939],[12.612758,55.70391],[12.612645,55.703926],[12.61181,55.7038],[12.611768,55.703791],[12.611729,55.703778],[12.611699,55.703759],[12.611677,55.703736],[12.611662,55.703712],[12.611656,55.703688],[12.61166,55.703663],[12.611674,55.703637],[12.61256,55.702769],[12.612887,55.702876],[12.612397,55.703359],[12.613023,55.703565],[12.614136,55.703451],[12.614638,55.702952],[12.614254,55.702371],[12.61362,55.702163],[12.613122,55.70265],[12.612787,55.702541],[12.613752,55.701651],[12.613788,55.701637],[12.613825,55.701626],[12.613863,55.701621],[12.613901,55.70162],[12.613937,55.701625],[12.613974,55.701633],[12.614011,55.701644],[12.614042,55.701658],[12.614527,55.701949],[12.61607,55.701679],[12.61619,55.698762],[12.615947,55.698538],[12.615337,55.697833],[12.614304,55.697779],[12.611988,55.697658],[12.611486,55.697631],[12.611425,55.697619],[12.611369,55.697602],[12.611319,55.697578],[12.611277,55.69755],[12.611244,55.697519],[12.611235,55.697507],[12.611252,55.697494],[12.610413,55.697371],[12.60983,55.697282],[12.609805,55.697278],[12.609299,55.697202],[12.609286,55.697214],[12.609255,55.697208],[12.609251,55.697207],[12.609248,55.697206],[12.609245,55.697205],[12.609243,55.697204],[12.60924,55.697202],[12.609237,55.6972],[12.609234,55.697197],[12.609232,55.697195],[12.609232,55.697192],[12.609231,55.69719],[12.609231,55.697188],[12.609231,55.697187],[12.609232,55.697185],[12.609232,55.697184],[12.609234,55.697182],[12.609238,55.697178],[12.609243,55.697176],[12.609249,55.697174],[12.609255,55.697173],[12.60926,55.697172],[12.609264,55.697172],[12.609403,55.697194],[12.609956,55.696817],[12.611533,55.696586],[12.611568,55.696455],[12.611875,55.696395],[12.611882,55.696403],[12.613169,55.696156],[12.612678,55.695297],[12.610412,55.695707],[12.610476,55.695801],[12.610487,55.6958],[12.610504,55.695822],[12.609298,55.69664],[12.608649,55.697058],[12.60867,55.697072],[12.608725,55.697105],[12.608735,55.697111],[12.608742,55.697115],[12.608743,55.697116],[12.608744,55.697117],[12.608744,55.697118],[12.608744,55.697119],[12.608744,55.69712],[12.608744,55.697121],[12.608743,55.697122],[12.608743,55.697124],[12.608736,55.697128],[12.608735,55.697128],[12.608734,55.697129],[12.608732,55.697129],[12.608731,55.697129],[12.608729,55.697129],[12.608728,55.697129],[12.608727,55.697129],[12.608725,55.697129],[12.608724,55.697129],[12.608722,55.697128],[12.608721,55.697128],[12.60872,55.697128],[12.608714,55.697125],[12.608689,55.697113],[12.60866,55.6971],[12.608617,55.697079],[12.60854,55.697132],[12.60856,55.697141],[12.60834,55.697287],[12.608182,55.697298],[12.607734,55.695482],[12.607828,55.695461],[12.610055,55.695051],[12.60953,55.69415],[12.607658,55.694488],[12.607631,55.694488],[12.607564,55.694466],[12.607544,55.694421],[12.607262,55.693304],[12.607159,55.692926],[12.607073,55.692615],[12.611147,55.691849],[12.61121,55.691829],[12.611241,55.691819],[12.611264,55.691803],[12.611281,55.691784],[12.611293,55.691765],[12.611297,55.691744],[12.61129,55.691723],[12.611276,55.691705],[12.611258,55.691688],[12.611234,55.691672],[12.611204,55.691659],[12.61117,55.691648],[12.611135,55.691641],[12.6111,55.691642],[12.611065,55.691646],[12.609002,55.692025],[12.608996,55.692006],[12.607062,55.692367],[12.607042,55.692314],[12.606913,55.691815],[12.606714,55.69105],[12.610356,55.690367],[12.61007,55.689865],[12.606715,55.690485],[12.606711,55.690486],[12.606707,55.690486],[12.606703,55.690486],[12.606699,55.690485],[12.606695,55.690485],[12.606691,55.690484],[12.606688,55.690483],[12.606684,55.690482],[12.606681,55.69048],[12.606678,55.690479],[12.606676,55.690477],[12.606674,55.690475],[12.606672,55.690473],[12.606671,55.690471],[12.606633,55.690407],[12.606633,55.690405],[12.606633,55.690403],[12.606633,55.6904],[12.606634,55.690399],[12.606635,55.690398],[12.606636,55.690397],[12.606638,55.690395],[12.606639,55.690394],[12.606641,55.690393],[12.606643,55.690393],[12.606645,55.690392],[12.606647,55.690391],[12.606649,55.690391],[12.606489,55.690117],[12.606487,55.690118],[12.606485,55.690118],[12.606483,55.690118],[12.606481,55.690118],[12.606478,55.690118],[12.606476,55.690118],[12.606474,55.690118],[12.606472,55.690117],[12.60647,55.690117],[12.606468,55.690116],[12.606466,55.690115],[12.606465,55.690114],[12.606463,55.690114],[12.606462,55.690113],[12.606461,55.690111],[12.606421,55.690044],[12.606421,55.690042],[12.60642,55.69004],[12.60642,55.690038],[12.606421,55.690036],[12.606422,55.690034],[12.606423,55.690032],[12.606424,55.69003],[12.606426,55.690028],[12.606428,55.690026],[12.606431,55.690025],[12.606434,55.690023],[12.606437,55.690022],[12.60644,55.690021],[12.606444,55.69002],[12.610242,55.689333],[12.610393,55.689605],[12.61065,55.689496],[12.610766,55.689376],[12.610839,55.689372],[12.610819,55.689176],[12.610464,55.689187],[12.610264,55.689003],[12.610194,55.687949],[12.609846,55.68796],[12.609707,55.687576],[12.609355,55.687617],[12.609299,55.68744],[12.609166,55.687454],[12.608613,55.687375],[12.608599,55.687403],[12.608429,55.687385],[12.608337,55.68721],[12.608801,55.686116],[12.608942,55.685867],[12.609024,55.685693],[12.609422,55.684875],[12.609537,55.684656],[12.609636,55.684381],[12.609689,55.684254],[12.609753,55.684033],[12.609472,55.684028],[12.609241,55.684038],[12.608648,55.685566],[12.607814,55.687605],[12.608076,55.687644],[12.608224,55.687918],[12.607802,55.689237],[12.607294,55.689436],[12.606671,55.689357],[12.606109,55.689231],[12.606078,55.689259],[12.605542,55.689131],[12.605579,55.688939],[12.60578,55.688941],[12.605796,55.688877],[12.605483,55.688824],[12.604609,55.688794],[12.603896,55.688778],[12.603919,55.688612],[12.605194,55.688587],[12.605837,55.688583],[12.605789,55.687577],[12.605231,55.6874],[12.605166,55.686372],[12.60579,55.686366],[12.605771,55.685673],[12.605774,55.685513],[12.605703,55.685431],[12.605578,55.685465],[12.605188,55.685007],[12.60533,55.684967],[12.604909,55.684433],[12.604674,55.684144],[12.604582,55.684033],[12.604205,55.683739],[12.603666,55.683089],[12.603368,55.68317],[12.603603,55.683441],[12.601367,55.684066],[12.600967,55.683603],[12.601118,55.683562],[12.601088,55.68353],[12.601112,55.683509],[12.601142,55.68351],[12.601013,55.683363],[12.600989,55.68337],[12.600945,55.683366],[12.600918,55.683335],[12.600768,55.683374],[12.600249,55.682789],[12.600334,55.682765],[12.600224,55.682637],[12.59988,55.682727],[12.599186,55.681895],[12.599522,55.681804],[12.599464,55.681665],[12.599395,55.68168],[12.598843,55.680434],[12.600559,55.679971],[12.600085,55.679488],[12.597795,55.680049],[12.596749,55.6789],[12.596632,55.678398],[12.595714,55.67799],[12.595722,55.677969],[12.596586,55.677398],[12.596523,55.677376],[12.596448,55.677415],[12.596403,55.6774],[12.596375,55.677424],[12.596163,55.677339],[12.596,55.677255],[12.595926,55.677296],[12.595695,55.677443],[12.595843,55.677514],[12.595757,55.677567],[12.595588,55.677512],[12.59532,55.677689],[12.595422,55.677785],[12.595285,55.677857],[12.594274,55.677416],[12.594276,55.677353],[12.593862,55.677169],[12.591973,55.676375],[12.591974,55.676363],[12.592026,55.676325],[12.592033,55.676329],[12.592041,55.676332],[12.592691,55.675858],[12.592438,55.675712],[12.591686,55.676296],[12.591617,55.676313],[12.591184,55.676194],[12.589832,55.675674],[12.589737,55.675636],[12.589447,55.675474],[12.589468,55.675418],[12.590495,55.674864],[12.590108,55.674612],[12.589807,55.674769],[12.589868,55.674824],[12.589061,55.675251],[12.587827,55.674571],[12.587662,55.674488],[12.58749,55.674402],[12.58728,55.67453],[12.587228,55.674501],[12.587292,55.67446],[12.587333,55.674484],[12.587476,55.674395],[12.587423,55.674373],[12.58737,55.674204],[12.585757,55.673431],[12.585562,55.673448],[12.584968,55.673177],[12.584862,55.673128],[12.584671,55.673029],[12.583931,55.672566],[12.583721,55.672501],[12.58369,55.67249],[12.583552,55.67242],[12.583535,55.672402],[12.583531,55.672385],[12.583537,55.672334],[12.581212,55.670862],[12.581139,55.670816],[12.581139,55.670816],[12.579936,55.670055],[12.579912,55.670061],[12.579825,55.670006],[12.579794,55.670003],[12.579758,55.669987],[12.579596,55.669881],[12.5796,55.669879],[12.579613,55.669873],[12.579751,55.669806],[12.579945,55.669712],[12.58119,55.669109],[12.581312,55.66905],[12.581413,55.669001],[12.581707,55.668859],[12.581927,55.668752],[12.582173,55.668654],[12.582287,55.668609],[12.582711,55.668498],[12.586613,55.667828],[12.586744,55.667805],[12.587115,55.667748],[12.587429,55.667711],[12.587739,55.66769],[12.590263,55.667561],[12.595001,55.668281],[12.595625,55.668381],[12.596256,55.668735],[12.596896,55.668846],[12.597283,55.668897],[12.597669,55.668922],[12.597978,55.668926],[12.598361,55.668908],[12.598403,55.66907],[12.598275,55.669255],[12.599334,55.669477],[12.599653,55.66938],[12.599751,55.669359],[12.599853,55.669345],[12.599957,55.669336],[12.600062,55.669334],[12.600166,55.669339],[12.600269,55.669349],[12.60037,55.669367],[12.600407,55.669375],[12.600503,55.6694],[12.600592,55.669431],[12.600673,55.669467],[12.60075,55.669509],[12.600786,55.669533],[12.600851,55.669582],[12.600906,55.669635],[12.600951,55.669692],[12.600985,55.66975],[12.600993,55.669767],[12.601057,55.669942],[12.603565,55.671031],[12.603798,55.670992],[12.603919,55.670981],[12.604039,55.67098],[12.604163,55.67099],[12.604282,55.671009],[12.6044,55.671038],[12.604604,55.671124],[12.604689,55.67118],[12.604795,55.671287],[12.604859,55.671437],[12.604858,55.671563],[12.604858,55.671605],[12.604858,55.671605],[12.605342,55.671801],[12.607788,55.672793],[12.608055,55.67298],[12.609014,55.673656],[12.609014,55.673656],[12.609351,55.673652],[12.609386,55.673652],[12.609421,55.673653],[12.609455,55.673655],[12.60949,55.673657],[12.609528,55.673661],[12.609567,55.673665],[12.609605,55.67367],[12.609642,55.673676],[12.609689,55.673684],[12.609735,55.673695],[12.60978,55.673706],[12.609823,55.673719],[12.609874,55.673736],[12.609924,55.673755],[12.609971,55.673776],[12.610016,55.673797],[12.610056,55.673818],[12.610093,55.673839],[12.610129,55.673862],[12.610162,55.673886],[12.610186,55.673905],[12.61021,55.673925],[12.610231,55.673946],[12.610251,55.673967],[12.610269,55.67399],[12.610286,55.674012],[12.610294,55.674024],[12.610302,55.674035],[12.610314,55.674057],[12.610316,55.674059],[12.610328,55.674081],[12.610339,55.674103],[12.610348,55.674125],[12.610355,55.674148],[12.610361,55.674173],[12.610364,55.674197],[12.610366,55.674222],[12.610365,55.674247],[12.610364,55.674266],[12.610362,55.674286],[12.610358,55.674305],[12.610352,55.674324],[12.610347,55.674337],[12.610342,55.674349],[12.610336,55.674362],[12.610329,55.674374],[12.610233,55.67456],[12.61128,55.675328],[12.611779,55.676023],[12.612401,55.676096],[12.612442,55.676105],[12.612484,55.676114],[12.612524,55.676124],[12.612565,55.676134],[12.612606,55.676145],[12.612647,55.676157],[12.612687,55.676169],[12.612726,55.676183],[12.612768,55.676198],[12.612808,55.676215],[12.612847,55.676232],[12.612885,55.67625],[12.612928,55.676272],[12.612969,55.676295],[12.613009,55.676318],[12.613048,55.676343],[12.613068,55.676354],[12.613087,55.676367],[12.613105,55.676379],[12.613123,55.676392],[12.613151,55.676416],[12.613175,55.676441],[12.613198,55.676467],[12.613235,55.676512],[12.613249,55.676532],[12.613263,55.676552],[12.613277,55.676573],[12.613287,55.676592],[12.613297,55.676611],[12.613307,55.67663],[12.613315,55.676649],[12.613331,55.67669],[12.613343,55.676731],[12.613352,55.676773],[12.613357,55.676815],[12.613358,55.676849],[12.613356,55.676883],[12.613351,55.676917],[12.613344,55.676951],[12.613335,55.676984],[12.613322,55.677017],[12.613308,55.67705],[12.613291,55.677082],[12.613271,55.677114],[12.613249,55.677146],[12.613224,55.677178],[12.613198,55.677209],[12.613178,55.677231],[12.613156,55.677254],[12.613133,55.677276],[12.613109,55.677298],[12.612883,55.677503],[12.613447,55.678269],[12.61364,55.679024],[12.613771,55.679055],[12.613898,55.679089],[12.614023,55.679126],[12.614214,55.679188],[12.614282,55.679212],[12.614347,55.679238],[12.614409,55.679265],[12.614461,55.679292],[12.614511,55.67932],[12.614558,55.67935],[12.614602,55.679381],[12.614643,55.679413],[12.614681,55.679446],[12.614717,55.67948],[12.61475,55.679515],[12.614779,55.679551],[12.614806,55.679588],[12.61483,55.679626],[12.61485,55.679664],[12.614869,55.679707],[12.614883,55.679752],[12.614893,55.679797],[12.614898,55.679841],[12.614898,55.679878],[12.614895,55.679915],[12.614889,55.679951],[12.614881,55.679988],[12.614871,55.68002],[12.614859,55.680051],[12.614845,55.680082],[12.614828,55.680113],[12.614811,55.680141],[12.614792,55.680169],[12.614771,55.680197],[12.614748,55.680224],[12.614675,55.680294],[12.614579,55.680369],[12.614157,55.680624],[12.614157,55.680624],[12.614368,55.681335],[12.61428,55.682005],[12.61426,55.682155],[12.614257,55.682177],[12.614256,55.6822],[12.614256,55.682222],[12.614258,55.682245],[12.61426,55.682268],[12.614264,55.682291],[12.614269,55.682313],[12.614275,55.682336],[12.614424,55.682356],[12.614622,55.682383],[12.615655,55.682527],[12.616627,55.683227],[12.61653,55.683381],[12.617637,55.686468],[12.617858,55.686919],[12.617806,55.686988],[12.617708,55.687067],[12.617598,55.687123],[12.61745,55.687173],[12.617273,55.687198],[12.617061,55.687221],[12.616819,55.687244],[12.616557,55.687259],[12.616351,55.687255],[12.616183,55.687259],[12.616082,55.687262],[12.615949,55.687258],[12.614016,55.687118],[12.613867,55.687098],[12.613849,55.687094],[12.613831,55.687091],[12.613812,55.687089],[12.613793,55.687088],[12.613774,55.687089],[12.613755,55.68709],[12.613736,55.687093],[12.613718,55.687097],[12.613701,55.687101],[12.61367,55.687114],[12.61364,55.687138],[12.613644,55.68714],[12.613658,55.687172],[12.613611,55.687171],[12.613531,55.688579],[12.61382,55.688601],[12.613985,55.688607],[12.614013,55.688606],[12.614593,55.688597],[12.614622,55.688596],[12.614638,55.688596],[12.615194,55.688586],[12.615223,55.688586],[12.615806,55.688559],[12.615821,55.688529],[12.615848,55.688534],[12.615887,55.688573],[12.616066,55.688604],[12.616101,55.68854],[12.616129,55.688545],[12.616096,55.688608],[12.616261,55.688639],[12.616294,55.688568],[12.616322,55.688572],[12.616287,55.688643],[12.616456,55.688667],[12.616532,55.688644],[12.616559,55.688649],[12.6166,55.688688],[12.616608,55.68869],[12.617323,55.68881],[12.617968,55.68891],[12.619313,55.689133],[12.619726,55.688406],[12.620248,55.688482],[12.619876,55.689208],[12.619887,55.689212],[12.619897,55.689259],[12.619894,55.689268],[12.619888,55.689277],[12.619861,55.689342],[12.619846,55.689373],[12.61983,55.689404],[12.619798,55.689453],[12.619768,55.689503],[12.619733,55.689585],[12.619711,55.689606],[12.61971,55.689613],[12.61971,55.689615],[12.619735,55.689635],[12.619728,55.689647],[12.620072,55.689702],[12.620061,55.689728],[12.619718,55.689672],[12.619712,55.689685],[12.619666,55.689685],[12.619664,55.689687],[12.619631,55.689747],[12.619623,55.689769],[12.619624,55.689776],[12.61963,55.689781],[12.619677,55.689805],[12.619681,55.689806],[12.623282,55.690381],[12.624664,55.690051],[12.624698,55.690054],[12.624731,55.690062],[12.624778,55.690076],[12.624819,55.690098],[12.625146,55.69002],[12.625168,55.690024],[12.625174,55.690033],[12.625162,55.690048],[12.62482,55.690137],[12.62482,55.690157],[12.624808,55.690179],[12.624765,55.690195],[12.624109,55.690366],[12.624089,55.690388],[12.624065,55.690413],[12.624067,55.690442],[12.624171,55.690453],[12.624277,55.690509],[12.624483,55.690877],[12.62445,55.690883],[12.624646,55.691221],[12.624683,55.691219],[12.624987,55.691771],[12.625037,55.691775],[12.625061,55.691788],[12.625243,55.692081],[12.625234,55.692171],[12.625227,55.6922],[12.625215,55.692228],[12.625199,55.692255],[12.625403,55.692258],[12.625433,55.692258],[12.625478,55.692263],[12.625523,55.692273],[12.625545,55.692281],[12.625573,55.692297],[12.625591,55.692315],[12.625597,55.692328],[12.625597,55.692339],[12.62559,55.692355],[12.625577,55.692369],[12.625567,55.692377],[12.625555,55.692383],[12.625515,55.692401],[12.625494,55.692407],[12.625472,55.692411],[12.625452,55.692411],[12.625432,55.69241],[12.625403,55.692409],[12.625374,55.692407],[12.625329,55.692403],[12.625284,55.692395],[12.625275,55.692392],[12.625267,55.692389],[12.625258,55.692387],[12.62525,55.692386],[12.62524,55.692389],[12.625231,55.692392],[12.625218,55.692397],[12.625205,55.692402],[12.625188,55.692405],[12.62518,55.692407],[12.625172,55.692409],[12.625261,55.692571],[12.625279,55.692605],[12.625317,55.692656],[12.62536,55.692706],[12.625392,55.692736],[12.625412,55.692749],[12.625432,55.692763],[12.625497,55.692795],[12.627898,55.693729],[12.628445,55.693892],[12.628509,55.69394],[12.628513,55.693967],[12.628506,55.694001],[12.629443,55.694366],[12.629479,55.69434],[12.629559,55.694324],[12.629689,55.694372],[12.629881,55.69445],[12.629991,55.694489],[12.630014,55.694494],[12.630038,55.694497],[12.630107,55.6945],[12.630175,55.694503],[12.630197,55.694504],[12.630219,55.694506],[12.630264,55.694516],[12.630308,55.694528],[12.630364,55.694546],[12.630418,55.694565],[12.630455,55.69458],[12.630503,55.694606],[12.630525,55.694621],[12.630544,55.694638],[12.630555,55.694651],[12.630564,55.694671],[12.630565,55.694692],[12.630561,55.694729],[12.630553,55.694765],[12.630549,55.694781],[12.630544,55.694796],[12.630441,55.695001],[12.630406,55.695087],[12.63035,55.695224],[12.630295,55.695361],[12.630227,55.695527],[12.63016,55.695693],[12.6301,55.695855],[12.630042,55.696017],[12.629984,55.696172],[12.629926,55.696327],[12.629858,55.696489],[12.629787,55.69665],[12.629729,55.696805],[12.629677,55.696962],[12.629645,55.69707],[12.629633,55.697127],[12.629626,55.697178],[12.629629,55.697214],[12.629636,55.697251],[12.629636,55.697298],[12.629628,55.697345],[12.629618,55.697365],[12.629605,55.697379],[12.62958,55.697399],[12.629548,55.697417],[12.629516,55.697431],[12.629491,55.69744],[12.629453,55.697449],[12.629412,55.697454],[12.62934,55.697455],[12.629268,55.69745],[12.62924,55.697447],[12.629213,55.697444],[12.629147,55.697434],[12.62908,55.697425],[12.629015,55.697421],[12.62895,55.697421],[12.628863,55.69742],[12.628528,55.697432],[12.624869,55.697655],[12.619719,55.698022]]]]}},{"type":"Feature","properties":{"name":"Damhusengens Skole","schoolIds":["280825"]},"geometry":{"type":"MultiPolygon","coordinates":[[[[12.486838,55.677105],[12.486567,55.67691],[12.484755,55.675862],[12.484604,55.675747],[12.484468,55.675212],[12.484283,55.674088],[12.484152,55.673814],[12.48389,55.673627],[12.482792,55.673102],[12.48261,55.672991],[12.482544,55.672941],[12.482501,55.672878],[12.482468,55.672817],[12.482444,55.672748],[12.482431,55.672668],[12.482003,55.672665],[12.480666,55.672655],[12.474283,55.672769],[12.474265,55.672873],[12.474196,55.672911],[12.474158,55.672926],[12.47402,55.673207],[12.473864,55.673379],[12.473721,55.673584],[12.473657,55.673908],[12.473539,55.674043],[12.473113,55.674394],[12.47301,55.674581],[12.472947,55.67476],[12.472771,55.675926],[12.472735,55.676072],[12.472519,55.676413],[12.472232,55.676757],[12.472121,55.677101],[12.472003,55.677627],[12.470656,55.678649],[12.47047,55.678757],[12.470397,55.678795],[12.469892,55.679545],[12.46947,55.680155],[12.469423,55.680224],[12.469406,55.680306],[12.46941,55.680369],[12.469415,55.680459],[12.469421,55.680576],[12.469411,55.68091],[12.469402,55.681196],[12.46929,55.681341],[12.468565,55.6819],[12.468399,55.681996],[12.468356,55.682016],[12.468167,55.682123],[12.468081,55.682169],[12.467816,55.682343],[12.467795,55.682393],[12.467847,55.682533],[12.467926,55.682747],[12.467923,55.682806],[12.467836,55.683049],[12.467807,55.683175],[12.467638,55.683588],[12.467519,55.683872],[12.467471,55.684123],[12.467508,55.68435],[12.467523,55.68443],[12.467201,55.685418],[12.467145,55.685841],[12.467134,55.685926],[12.466962,55.686777],[12.466719,55.687651],[12.466647,55.687885],[12.466594,55.687988],[12.466339,55.688822],[12.466155,55.689541],[12.466047,55.690165],[12.466064,55.690469],[12.466358,55.691033],[12.466406,55.691107],[12.466701,55.691446],[12.467219,55.691409],[12.467224,55.691504],[12.467202,55.691546],[12.467173,55.691603],[12.467112,55.691688],[12.466925,55.691701],[12.466972,55.691765],[12.466998,55.691825],[12.466822,55.692735],[12.466655,55.693039],[12.466377,55.693409],[12.466019,55.693726],[12.465631,55.694086],[12.465487,55.694206],[12.465397,55.694281],[12.46529,55.694433],[12.463774,55.695937],[12.463617,55.696125],[12.463486,55.696345],[12.463447,55.696536],[12.463452,55.696762],[12.463455,55.696843],[12.463989,55.698616],[12.464031,55.69875],[12.464054,55.698948],[12.464091,55.699267],[12.463951,55.699897],[12.463797,55.700796],[12.464292,55.700718],[12.464202,55.700896],[12.464295,55.700882],[12.464739,55.700789],[12.465324,55.700647],[12.46894,55.699755],[12.468981,55.699624],[12.468835,55.69966],[12.468896,55.699468],[12.468979,55.699223],[12.469152,55.69882],[12.469211,55.69868],[12.469959,55.697221],[12.470299,55.696542],[12.470512,55.69613],[12.470777,55.695665],[12.470915,55.695416],[12.471003,55.69531],[12.471026,55.695254],[12.4712,55.695013],[12.471299,55.694872],[12.471519,55.694604],[12.471754,55.694337],[12.471992,55.694072],[12.472377,55.693663],[12.47264,55.693413],[12.472929,55.693162],[12.473355,55.692834],[12.473701,55.692552],[12.474342,55.692096],[12.474681,55.691867],[12.474972,55.691698],[12.475218,55.691543],[12.475234,55.691547],[12.475298,55.691538],[12.475442,55.69145],[12.475403,55.691426],[12.475593,55.691312],[12.475735,55.691227],[12.47604,55.691057],[12.476062,55.691004],[12.476334,55.691003],[12.476571,55.690882],[12.476856,55.690744],[12.476891,55.690635],[12.477124,55.690547],[12.477213,55.690466],[12.477654,55.690267],[12.47768,55.690293],[12.477885,55.690221],[12.477889,55.690171],[12.478155,55.690061],[12.478426,55.689954],[12.478699,55.689849],[12.478975,55.689746],[12.479259,55.689651],[12.479833,55.689467],[12.480122,55.689376],[12.480657,55.689218],[12.480744,55.689253],[12.480912,55.6892],[12.480961,55.689139],[12.481106,55.689091],[12.481606,55.688961],[12.481575,55.68906],[12.481788,55.689008],[12.481047,55.691212],[12.483218,55.691686],[12.48672,55.692454],[12.487795,55.6909],[12.488827,55.689315],[12.489634,55.688105],[12.48987,55.687779],[12.490196,55.687432],[12.490283,55.687338],[12.492344,55.686915],[12.493373,55.686727],[12.49353,55.6867],[12.494985,55.68643],[12.496311,55.686185],[12.496717,55.686093],[12.497133,55.685943],[12.49737,55.685839],[12.497601,55.685722],[12.498087,55.68546],[12.498032,55.685431],[12.498041,55.685426],[12.497845,55.68532],[12.49803,55.685211],[12.496362,55.684307],[12.495934,55.684076],[12.495855,55.684121],[12.495909,55.684252],[12.495945,55.684331],[12.495967,55.684384],[12.495975,55.68441],[12.495972,55.684465],[12.495981,55.684519],[12.495988,55.684545],[12.495895,55.684529],[12.495855,55.684565],[12.495856,55.684605],[12.495684,55.684537],[12.495674,55.684437],[12.495479,55.684318],[12.495433,55.684193],[12.495372,55.684071],[12.495301,55.68395],[12.495224,55.68383],[12.495142,55.683711],[12.495054,55.683593],[12.494955,55.683479],[12.494845,55.683367],[12.494589,55.683146],[12.494484,55.683129],[12.49433,55.682968],[12.494106,55.683038],[12.494058,55.683048],[12.494007,55.683054],[12.493957,55.683059],[12.49304,55.682095],[12.491609,55.679555],[12.491515,55.679175],[12.491316,55.679083],[12.491098,55.678981],[12.490842,55.678826],[12.490286,55.678492],[12.489414,55.678114],[12.488139,55.67765],[12.487758,55.677547],[12.48739,55.677465],[12.487336,55.677453],[12.487088,55.677427],[12.486838,55.677105]]]]}},{"type":"Feature","properties":{"name":"Den Classenske Legatskole","schoolIds":["101001"]},"geometry":{"type":"MultiPolygon","coordinates":[[[[12.576758,55.670161],[12.577528,55.670596],[12.577757,55.670565],[12.577798,55.670591],[12.578132,55.67081],[12.578759,55.670493],[12.578863,55.670565],[12.578689,55.670654],[12.578601,55.670592],[12.578169,55.670836],[12.578066,55.670952],[12.578991,55.671478],[12.580108,55.672114],[12.579835,55.672278],[12.579838,55.67228],[12.580124,55.672452],[12.580427,55.672268],[12.58048,55.672266],[12.580672,55.672346],[12.580727,55.672312],[12.582247,55.67296],[12.583623,55.673466],[12.583531,55.673548],[12.585089,55.674202],[12.585246,55.67424],[12.585567,55.674305],[12.585809,55.674442],[12.586178,55.674591],[12.586614,55.674797],[12.586753,55.674852],[12.587085,55.675017],[12.587211,55.674941],[12.587227,55.674951],[12.587101,55.675026],[12.587108,55.675031],[12.587138,55.675049],[12.587185,55.675083],[12.587229,55.675119],[12.587273,55.675155],[12.587306,55.675189],[12.587334,55.675225],[12.587355,55.675262],[12.58737,55.675299],[12.58738,55.675338],[12.587383,55.675377],[12.587378,55.675416],[12.587367,55.675454],[12.587355,55.675492],[12.587342,55.67553],[12.587327,55.675568],[12.587311,55.675606],[12.587296,55.675644],[12.587282,55.675682],[12.587272,55.67572],[12.587265,55.675759],[12.58751,55.675718],[12.587922,55.675844],[12.587773,55.675989],[12.58854,55.676241],[12.589962,55.676707],[12.590723,55.677034],[12.591154,55.677272],[12.591767,55.67761],[12.592875,55.678234],[12.593621,55.678858],[12.594003,55.679042],[12.594064,55.679112],[12.587379,55.680877],[12.585286,55.68143],[12.584906,55.680946],[12.584815,55.680807],[12.585026,55.680318],[12.584214,55.680181],[12.583574,55.68002],[12.582477,55.679633],[12.581874,55.67942],[12.581303,55.679279],[12.579908,55.679009],[12.579737,55.678971],[12.579173,55.679823],[12.579137,55.679872],[12.579099,55.679922],[12.579058,55.67997],[12.579013,55.680017],[12.578966,55.680064],[12.578917,55.68011],[12.578864,55.680155],[12.578809,55.680198],[12.578752,55.680241],[12.578692,55.680283],[12.578629,55.680323],[12.578564,55.680362],[12.578497,55.6804],[12.578428,55.680437],[12.578356,55.680472],[12.578283,55.680506],[12.578272,55.680511],[12.577903,55.680656],[12.577256,55.680855],[12.576688,55.680995],[12.576443,55.681066],[12.575215,55.681421],[12.574338,55.681117],[12.572911,55.680788],[12.572702,55.681138],[12.572562,55.681372],[12.572458,55.681497],[12.572226,55.681795],[12.572034,55.682096],[12.571507,55.682916],[12.571218,55.68273],[12.567379,55.68419],[12.566514,55.684669],[12.565073,55.683462],[12.563801,55.682372],[12.562965,55.681683],[12.561304,55.681999],[12.560352,55.681088],[12.558886,55.681677],[12.557717,55.682137],[12.55745,55.68186],[12.557342,55.681749],[12.555334,55.674081],[12.55521,55.673671],[12.556778,55.673915],[12.556989,55.673957],[12.558336,55.674228],[12.55881,55.674326],[12.56037,55.674647],[12.561141,55.673453],[12.56254,55.673948],[12.563468,55.674276],[12.563766,55.674381],[12.563793,55.67439],[12.564477,55.674612],[12.567735,55.671661],[12.567804,55.671604],[12.570018,55.66976],[12.571947,55.668323],[12.572135,55.668182],[12.572792,55.667704],[12.573273,55.667732],[12.573836,55.667764],[12.574026,55.667775],[12.574041,55.667778],[12.574056,55.667782],[12.574074,55.667789],[12.57409,55.667798],[12.574112,55.66782],[12.575076,55.668875],[12.575089,55.66889],[12.575105,55.668903],[12.575124,55.668916],[12.575149,55.668929],[12.575178,55.66894],[12.575206,55.668948],[12.575244,55.668955],[12.575731,55.669017],[12.575882,55.669033],[12.576188,55.669072],[12.576202,55.669076],[12.576215,55.669081],[12.576228,55.669086],[12.57624,55.669092],[12.576251,55.669098],[12.576261,55.669105],[12.576269,55.669112],[12.576277,55.669119],[12.576284,55.669127],[12.57629,55.669136],[12.576297,55.669153],[12.576366,55.669305],[12.576758,55.670161]]]]}},{"type":"Feature","properties":{"name":"Distrikt Ørestad","schoolIds":["280047","281873","281349","280491"]},"geometry":{"type":"MultiPolygon","coordinates":[[[[12.569884,55.615556],[12.569298,55.6155],[12.565219,55.615498],[12.52353,55.615488],[12.523351,55.615404],[12.52266,55.615131],[12.521929,55.614848],[12.521281,55.614587],[12.520573,55.614359],[12.519788,55.614169],[12.519039,55.613966],[12.518728,55.6139],[12.517588,55.613677],[12.516978,55.613567],[12.516845,55.613543],[12.516484,55.613479],[12.516343,55.613433],[12.516263,55.613354],[12.516086,55.612875],[12.515981,55.612884],[12.516173,55.613472],[12.515684,55.613442],[12.51509,55.613396],[12.514618,55.61337],[12.514087,55.613344],[12.513668,55.613339],[12.513352,55.613343],[12.513003,55.613367],[12.51308,55.613428],[12.513523,55.613779],[12.513106,55.61378],[12.5127,55.613776],[12.512294,55.613775],[12.511887,55.613776],[12.511481,55.613781],[12.511075,55.613787],[12.510662,55.613773],[12.510241,55.613457],[12.510128,55.613377],[12.509071,55.612949],[12.508884,55.61309],[12.508447,55.613213],[12.50749,55.613356],[12.506659,55.613412],[12.506323,55.613399],[12.506116,55.613366],[12.505988,55.613284],[12.506107,55.613083],[12.506112,55.613076],[12.506105,55.613033],[12.50606,55.613038],[12.506013,55.613091],[12.505854,55.613277],[12.505539,55.613651],[12.505482,55.613791],[12.505489,55.613874],[12.505492,55.613904],[12.505538,55.614017],[12.505546,55.614038],[12.505561,55.61407],[12.504732,55.614133],[12.504941,55.614475],[12.505495,55.614437],[12.505564,55.614686],[12.506139,55.615129],[12.506245,55.615168],[12.50635,55.615175],[12.506451,55.615146],[12.506486,55.61508],[12.506459,55.614993],[12.506604,55.614942],[12.506765,55.614898],[12.507002,55.614878],[12.507225,55.614874],[12.507732,55.614922],[12.508046,55.614958],[12.508315,55.614977],[12.508639,55.614939],[12.508948,55.614885],[12.509433,55.614787],[12.509787,55.61474],[12.50995,55.614729],[12.510188,55.614733],[12.510457,55.614761],[12.510728,55.614829],[12.510818,55.614852],[12.510838,55.614941],[12.510945,55.614997],[12.511094,55.61501],[12.511181,55.614968],[12.511193,55.614919],[12.511145,55.614572],[12.511082,55.614115],[12.511349,55.614106],[12.511782,55.614106],[12.512215,55.614103],[12.513383,55.614116],[12.513398,55.614127],[12.513426,55.614147],[12.513532,55.614196],[12.513713,55.614236],[12.515262,55.615483],[12.51597,55.616017],[12.534825,55.630942],[12.535274,55.631243],[12.536441,55.631908],[12.544952,55.636405],[12.550431,55.63934],[12.550604,55.639428],[12.551737,55.64002],[12.551847,55.640098],[12.552047,55.640394],[12.552081,55.64063],[12.552051,55.64086],[12.551567,55.641077],[12.551569,55.641122],[12.551344,55.641175],[12.551306,55.641194],[12.551307,55.641219],[12.551396,55.641346],[12.551637,55.641294],[12.552074,55.641206],[12.552555,55.641122],[12.552966,55.64106],[12.5533,55.641017],[12.553397,55.641005],[12.553799,55.640962],[12.554121,55.640932],[12.554405,55.64091],[12.55477,55.640887],[12.555218,55.640867],[12.555912,55.640852],[12.55674,55.640861],[12.557502,55.640897],[12.55823,55.640955],[12.558872,55.641025],[12.559467,55.641107],[12.559974,55.641183],[12.560411,55.641241],[12.561029,55.641313],[12.561604,55.641369],[12.563539,55.641481],[12.564045,55.642152],[12.566426,55.646634],[12.57758,55.645649],[12.585271,55.644983],[12.58367,55.640786],[12.586085,55.641214],[12.585125,55.637979],[12.584767,55.636801],[12.588514,55.636431],[12.587425,55.628792],[12.587621,55.628789],[12.587851,55.628802],[12.588194,55.62883],[12.588351,55.628843],[12.588484,55.628856],[12.588723,55.628882],[12.588973,55.628906],[12.589218,55.628932],[12.589853,55.629012],[12.590284,55.629067],[12.590705,55.629123],[12.591213,55.629194],[12.591733,55.629273],[12.592199,55.629334],[12.592542,55.62937],[12.592774,55.62938],[12.591895,55.622895],[12.572699,55.615953],[12.571839,55.615751],[12.571226,55.615689],[12.569884,55.615556]],[[12.580023,55.631098],[12.58004,55.631093],[12.580024,55.631098],[12.580023,55.631098]]]]}},{"type":"Feature","properties":{"name":"Dyvekeskolen","schoolIds":["101049"]},"geometry":{"type":"MultiPolygon","coordinates":[[[[12.587425,55.628792],[12.587621,55.628789],[12.587851,55.628802],[12.588194,55.62883],[12.588351,55.628843],[12.588484,55.628856],[12.588723,55.628882],[12.588973,55.628906],[12.589218,55.628932],[12.589853,55.629012],[12.590284,55.629067],[12.590705,55.629123],[12.591213,55.629194],[12.591733,55.629273],[12.592199,55.629334],[12.592542,55.62937],[12.592774,55.62938],[12.592789,55.629491],[12.592875,55.630117],[12.592928,55.630513],[12.592964,55.630784],[12.592974,55.630816],[12.593005,55.630904],[12.59301,55.630932],[12.593054,55.631149],[12.593101,55.631566],[12.593125,55.631758],[12.593165,55.631761],[12.593208,55.632131],[12.593209,55.632143],[12.593359,55.633195],[12.593404,55.633531],[12.593433,55.633739],[12.593337,55.633962],[12.593328,55.633986],[12.593293,55.634104],[12.593213,55.634399],[12.593187,55.634494],[12.593092,55.634888],[12.592993,55.635301],[12.59294,55.635519],[12.592895,55.635712],[12.592838,55.635949],[12.592772,55.636218],[12.592705,55.636492],[12.592657,55.63669],[12.59264,55.636753],[12.592602,55.636896],[12.592567,55.637029],[12.592499,55.637282],[12.592453,55.637451],[12.592405,55.637634],[12.592341,55.637872],[12.592317,55.637964],[12.595379,55.637936],[12.595984,55.637929],[12.596196,55.637927],[12.596754,55.637919],[12.599057,55.637898],[12.599821,55.637993],[12.599948,55.638027],[12.608225,55.639178],[12.606736,55.642885],[12.606682,55.643109],[12.606227,55.644264],[12.605515,55.64591],[12.605511,55.64592],[12.60467,55.648062],[12.612884,55.648049],[12.613257,55.64806],[12.61352,55.648092],[12.612813,55.649652],[12.60398,55.649915],[12.602582,55.652546],[12.602438,55.653059],[12.602362,55.652896],[12.602148,55.652729],[12.601859,55.652462],[12.600002,55.650738],[12.599556,55.650222],[12.598626,55.64912],[12.596089,55.649434],[12.596146,55.649579],[12.595967,55.649601],[12.596567,55.651134],[12.597165,55.65106],[12.597417,55.651708],[12.59754,55.651692],[12.597846,55.652475],[12.598442,55.6524],[12.598638,55.652902],[12.598677,55.653002],[12.598702,55.653068],[12.597551,55.653212],[12.597365,55.652736],[12.596231,55.652878],[12.596283,55.65301],[12.594849,55.65319],[12.594832,55.653146],[12.59358,55.653302],[12.593112,55.652075],[12.592665,55.650928],[12.592486,55.650438],[12.592425,55.650237],[12.592403,55.650152],[12.59232,55.649837],[12.592253,55.649459],[12.592223,55.649001],[12.592163,55.648147],[12.587898,55.648214],[12.587838,55.647935],[12.587795,55.64775],[12.587755,55.647571],[12.587721,55.647415],[12.587685,55.647252],[12.587658,55.647136],[12.587615,55.646941],[12.587578,55.64678],[12.587516,55.646504],[12.587493,55.646397],[12.587444,55.646168],[12.587418,55.646038],[12.587155,55.644819],[12.585125,55.637979],[12.584767,55.636801],[12.588514,55.636431],[12.587425,55.628792]]]]}},{"type":"Feature","properties":{"name":"Ellebjerg Skole","schoolIds":["101063"]},"geometry":{"type":"MultiPolygon","coordinates":[[[[12.544485,55.640398],[12.544489,55.640403],[12.544493,55.640408],[12.544494,55.640411],[12.544495,55.640413],[12.544498,55.640421],[12.544498,55.640424],[12.544498,55.64043],[12.544497,55.640436],[12.544495,55.640441],[12.544492,55.640447],[12.544489,55.64045],[12.544487,55.640454],[12.544483,55.640458],[12.544479,55.640461],[12.544475,55.640464],[12.54447,55.640467],[12.544464,55.64047],[12.544458,55.640472],[12.544452,55.640474],[12.544445,55.640476],[12.544438,55.640477],[12.544432,55.640478],[12.544425,55.640478],[12.544419,55.640478],[12.544408,55.640478],[12.544342,55.64048],[12.544342,55.640495],[12.541529,55.640505],[12.54091,55.642653],[12.541329,55.643051],[12.541851,55.643026],[12.542587,55.642976],[12.543459,55.642863],[12.543993,55.642763],[12.544369,55.642669],[12.544427,55.64252],[12.544676,55.642461],[12.544845,55.642547],[12.545458,55.642349],[12.546247,55.64201],[12.546778,55.64173],[12.546725,55.641637],[12.54691,55.641517],[12.547114,55.64153],[12.548546,55.640476],[12.5485,55.640279],[12.548668,55.640137],[12.549058,55.640137],[12.549272,55.640247],[12.549582,55.640399],[12.549794,55.640518],[12.548794,55.641493],[12.548738,55.641549],[12.548696,55.641606],[12.548669,55.641673],[12.548664,55.641712],[12.548669,55.641764],[12.548695,55.641837],[12.548717,55.641872],[12.548776,55.64194],[12.548961,55.64207],[12.548943,55.642077],[12.548903,55.642091],[12.548863,55.642105],[12.548823,55.642119],[12.548784,55.642133],[12.548744,55.642148],[12.548704,55.642162],[12.548665,55.642177],[12.548625,55.642191],[12.548586,55.642206],[12.548547,55.64222],[12.548508,55.642235],[12.548468,55.64225],[12.548429,55.642264],[12.54839,55.642279],[12.548351,55.642294],[12.548312,55.642309],[12.548274,55.642324],[12.548235,55.642339],[12.548196,55.642355],[12.548158,55.64237],[12.548119,55.642385],[12.548081,55.6424],[12.548042,55.642416],[12.548004,55.642431],[12.547966,55.642447],[12.547928,55.642462],[12.54789,55.642478],[12.547852,55.642494],[12.547814,55.642509],[12.547776,55.642525],[12.547738,55.642541],[12.5477,55.642557],[12.547663,55.642573],[12.547625,55.642589],[12.547588,55.642605],[12.54755,55.642621],[12.547513,55.642637],[12.547476,55.642654],[12.547439,55.64267],[12.547402,55.642686],[12.547365,55.642703],[12.547328,55.642719],[12.547291,55.642736],[12.547254,55.642753],[12.547217,55.642769],[12.547048,55.642846],[12.546783,55.642973],[12.546748,55.642991],[12.546712,55.643008],[12.546677,55.643026],[12.546641,55.643043],[12.546606,55.643061],[12.546571,55.643079],[12.546536,55.643096],[12.546501,55.643114],[12.546466,55.643132],[12.546431,55.64315],[12.546396,55.643168],[12.546361,55.643186],[12.546327,55.643204],[12.546292,55.643222],[12.546258,55.64324],[12.546224,55.643258],[12.546189,55.643276],[12.546155,55.643294],[12.546121,55.643313],[12.546087,55.643331],[12.546053,55.64335],[12.546019,55.643368],[12.545985,55.643387],[12.545952,55.643405],[12.545918,55.643424],[12.545885,55.643443],[12.545851,55.643461],[12.545818,55.64348],[12.545785,55.643499],[12.545752,55.643518],[12.545719,55.643537],[12.545686,55.643556],[12.545653,55.643575],[12.54562,55.643594],[12.545588,55.643613],[12.545555,55.643632],[12.545523,55.643652],[12.54549,55.643671],[12.545458,55.64369],[12.545426,55.64371],[12.545394,55.643729],[12.545362,55.643749],[12.54533,55.643768],[12.545298,55.643788],[12.545266,55.643807],[12.545234,55.643827],[12.545203,55.643847],[12.545171,55.643867],[12.54514,55.643886],[12.545109,55.643906],[12.545078,55.643926],[12.545047,55.643946],[12.545016,55.643966],[12.544985,55.643986],[12.544954,55.644006],[12.544923,55.644027],[12.544893,55.644047],[12.544862,55.644067],[12.544832,55.644087],[12.544801,55.644108],[12.544771,55.644128],[12.544741,55.644149],[12.544711,55.644169],[12.544681,55.64419],[12.544651,55.64421],[12.544622,55.644231],[12.544592,55.644252],[12.544562,55.644272],[12.544533,55.644293],[12.544504,55.644314],[12.544474,55.644335],[12.544445,55.644356],[12.544416,55.644377],[12.544387,55.644397],[12.544359,55.644419],[12.54433,55.64444],[12.544301,55.644461],[12.544273,55.644482],[12.544244,55.644503],[12.544216,55.644524],[12.544188,55.644546],[12.54416,55.644567],[12.544132,55.644588],[12.544104,55.64461],[12.544076,55.644631],[12.544048,55.644653],[12.544021,55.644674],[12.543993,55.644696],[12.543966,55.644718],[12.543938,55.644739],[12.543911,55.644761],[12.543884,55.644783],[12.543857,55.644804],[12.54383,55.644826],[12.543804,55.644848],[12.543777,55.64487],[12.54375,55.644892],[12.543724,55.644914],[12.543698,55.644936],[12.543671,55.644958],[12.543645,55.64498],[12.543619,55.645002],[12.543593,55.645025],[12.543567,55.645047],[12.543542,55.645069],[12.543516,55.645092],[12.54349,55.645114],[12.543465,55.645136],[12.542524,55.646076],[12.542271,55.646635],[12.542206,55.646779],[12.539762,55.651506],[12.539602,55.651776],[12.539133,55.652567],[12.538463,55.654017],[12.538318,55.653968],[12.538205,55.65393],[12.537985,55.653875],[12.537916,55.653857],[12.537731,55.653808],[12.537556,55.653763],[12.53731,55.653699],[12.537149,55.653657],[12.537127,55.653651],[12.536949,55.653601],[12.536768,55.653551],[12.536653,55.653519],[12.536521,55.653486],[12.536338,55.65344],[12.536156,55.653394],[12.53607,55.653372],[12.535782,55.653304],[12.535736,55.653292],[12.535422,55.653206],[12.535321,55.653177],[12.535144,55.653125],[12.534964,55.653073],[12.534717,55.653001],[12.534533,55.652948],[12.534354,55.652896],[12.534167,55.652842],[12.533915,55.652769],[12.533736,55.652716],[12.533521,55.652654],[12.533275,55.652583],[12.533141,55.652544],[12.53228,55.652297],[12.532034,55.652227],[12.531222,55.651997],[12.530727,55.651854],[12.530388,55.651757],[12.529475,55.651496],[12.52889,55.65133],[12.528639,55.651258],[12.52824,55.651145],[12.528174,55.651132],[12.528172,55.651131],[12.527764,55.651047],[12.527551,55.651864],[12.526447,55.651755],[12.52644,55.651754],[12.526433,55.651754],[12.526425,55.651753],[12.526418,55.651752],[12.526411,55.651751],[12.526404,55.65175],[12.526334,55.651735],[12.526269,55.651714],[12.526223,55.651694],[12.526181,55.651669],[12.52613,55.65165],[12.526053,55.651628],[12.525988,55.651615],[12.524314,55.651443],[12.523865,55.651378],[12.523307,55.651341],[12.522888,55.651349],[12.522151,55.651432],[12.521829,55.651421],[12.521124,55.651512],[12.52081,55.651487],[12.520493,55.651564],[12.520591,55.651181],[12.520496,55.651145],[12.51918,55.651563],[12.516992,55.65205],[12.516661,55.652052],[12.516614,55.65206],[12.516616,55.652024],[12.516513,55.652032],[12.51662,55.65196],[12.516779,55.651854],[12.516932,55.651752],[12.517027,55.65169],[12.517054,55.651671],[12.517236,55.651543],[12.517565,55.651305],[12.517766,55.651156],[12.517939,55.651027],[12.51811,55.650898],[12.518248,55.650787],[12.518355,55.650699],[12.518459,55.650609],[12.518511,55.650563],[12.518537,55.650539],[12.51856,55.650517],[12.518583,55.650493],[12.518647,55.650422],[12.518621,55.650422],[12.518923,55.650171],[12.518924,55.65017],[12.51901,55.650166],[12.5191,55.650083],[12.522263,55.646891],[12.522488,55.646665],[12.523176,55.645988],[12.523426,55.645737],[12.523334,55.645653],[12.523272,55.645597],[12.523106,55.645444],[12.52305,55.645393],[12.523015,55.645359],[12.522899,55.645242],[12.522858,55.645197],[12.522775,55.645099],[12.522736,55.645045],[12.522709,55.645009],[12.522684,55.644969],[12.522593,55.644827],[12.522514,55.64469],[12.522461,55.644584],[12.522411,55.644454],[12.522398,55.6444],[12.522387,55.644347],[12.522377,55.644253],[12.522372,55.644178],[12.522366,55.644078],[12.522371,55.64397],[12.522375,55.643898],[12.522386,55.64382],[12.522398,55.643737],[12.522417,55.643649],[12.52244,55.643568],[12.522474,55.643461],[12.522525,55.6433],[12.522578,55.64317],[12.5226,55.643119],[12.522623,55.643069],[12.522651,55.64301],[12.522677,55.64295],[12.5227,55.642891],[12.522718,55.642841],[12.522732,55.642788],[12.522745,55.642735],[12.522752,55.642696],[12.52276,55.642651],[12.522763,55.642596],[12.522766,55.642549],[12.522765,55.642499],[12.522758,55.64244],[12.522751,55.64239],[12.52274,55.642343],[12.522729,55.6423],[12.522713,55.642249],[12.522695,55.642195],[12.522671,55.642136],[12.522642,55.642079],[12.522617,55.642037],[12.522587,55.64199],[12.522558,55.641949],[12.522522,55.641906],[12.522482,55.641865],[12.522438,55.641826],[12.522393,55.641792],[12.522344,55.641757],[12.522291,55.641726],[12.522242,55.641697],[12.522184,55.641668],[12.522121,55.641642],[12.522059,55.641617],[12.521987,55.641593],[12.521909,55.641567],[12.521831,55.641545],[12.521736,55.64152],[12.521644,55.641498],[12.521522,55.641472],[12.521369,55.641444],[12.521268,55.641426],[12.521163,55.641409],[12.522289,55.637454],[12.52232,55.637351],[12.522344,55.637323],[12.5226,55.637025],[12.52553,55.637335],[12.52557,55.637317],[12.52561,55.637301],[12.525651,55.637283],[12.525652,55.637283],[12.525692,55.637267],[12.525733,55.63725],[12.525774,55.637234],[12.525778,55.637233],[12.525815,55.637219],[12.525816,55.637219],[12.525859,55.637203],[12.525902,55.637188],[12.525945,55.637174],[12.525989,55.637159],[12.526032,55.637145],[12.526075,55.63713],[12.526117,55.637115],[12.526158,55.637098],[12.52623,55.637066],[12.526238,55.637062],[12.526278,55.637045],[12.526319,55.637028],[12.526362,55.637013],[12.526407,55.637001],[12.526455,55.636993],[12.526504,55.636986],[12.526553,55.636978],[12.526603,55.636972],[12.526652,55.636965],[12.526697,55.636953],[12.526738,55.636936],[12.52682,55.636903],[12.527228,55.636737],[12.52731,55.636704],[12.527351,55.636687],[12.527392,55.636671],[12.527434,55.636655],[12.527476,55.636639],[12.527518,55.636623],[12.527559,55.636607],[12.527601,55.636591],[12.527643,55.636575],[12.527685,55.636559],[12.527726,55.636544],[12.527769,55.636528],[12.527815,55.636517],[12.527866,55.63651],[12.527916,55.636508],[12.527966,55.636508],[12.528017,55.63651],[12.528067,55.636512],[12.528117,55.636515],[12.528167,55.636518],[12.528218,55.636522],[12.528268,55.636527],[12.528316,55.636534],[12.531895,55.636852],[12.532099,55.636873],[12.532154,55.636835],[12.532196,55.636799],[12.532242,55.636764],[12.53229,55.63673],[12.532335,55.636695],[12.532336,55.636694],[12.532376,55.636659],[12.532413,55.636621],[12.532447,55.636582],[12.532534,55.63618],[12.529543,55.636272],[12.529267,55.636218],[12.52932,55.636038],[12.529895,55.635777],[12.530802,55.635797],[12.531026,55.635662],[12.531243,55.635396],[12.53114,55.634289],[12.530948,55.633863],[12.530917,55.633291],[12.530733,55.632627],[12.530692,55.63227],[12.530965,55.631872],[12.5314,55.631733],[12.531823,55.631773],[12.532555,55.632058],[12.533038,55.631787],[12.533152,55.63176],[12.533216,55.631767],[12.533278,55.631811],[12.533284,55.631852],[12.533223,55.631896],[12.532779,55.632166],[12.532776,55.632258],[12.533031,55.632422],[12.5332,55.632563],[12.533975,55.632768],[12.534263,55.63293],[12.53672,55.634314],[12.537241,55.634012],[12.537339,55.633981],[12.537408,55.633989],[12.537488,55.634055],[12.53689,55.63441],[12.537054,55.63457],[12.537272,55.634709],[12.537407,55.634868],[12.537609,55.634894],[12.53793,55.63499],[12.538545,55.635241],[12.539404,55.635542],[12.539843,55.635665],[12.540274,55.635658],[12.540499,55.635719],[12.54063,55.635806],[12.540582,55.635897],[12.540579,55.636034],[12.540809,55.636185],[12.541054,55.636211],[12.541228,55.636107],[12.541257,55.636102],[12.541287,55.636103],[12.541316,55.636109],[12.541341,55.636119],[12.541361,55.636133],[12.541373,55.636149],[12.541373,55.636165],[12.541358,55.636181],[12.540761,55.636543],[12.546005,55.639303],[12.546622,55.638946],[12.546637,55.638942],[12.546652,55.638941],[12.546669,55.638942],[12.546685,55.638944],[12.5467,55.638947],[12.546715,55.63895],[12.546729,55.638955],[12.546742,55.638962],[12.546752,55.638971],[12.546752,55.638971],[12.546753,55.638972],[12.546758,55.638979],[12.546761,55.638988],[12.546761,55.638988],[12.546762,55.638997],[12.546761,55.639006],[12.546758,55.639015],[12.546753,55.639024],[12.546753,55.639024],[12.546745,55.639033],[12.545563,55.639736],[12.545338,55.639871],[12.544458,55.640377],[12.544479,55.640393],[12.544485,55.640398]]]]}},{"type":"Feature","properties":{"name":"Gerbrandskolen","schoolIds":["101051"]},"geometry":{"type":"MultiPolygon","coordinates":[[[[12.617007,55.640404],[12.617199,55.640439],[12.617387,55.640469],[12.618119,55.64059],[12.618166,55.640509],[12.61839,55.640115],[12.618551,55.640146],[12.618721,55.639944],[12.618904,55.639979],[12.618967,55.639898],[12.619439,55.639342],[12.620172,55.639492],[12.620264,55.639511],[12.620416,55.639542],[12.620914,55.639647],[12.621046,55.639999],[12.62116,55.640029],[12.621548,55.640124],[12.621962,55.640224],[12.622317,55.640312],[12.62297,55.640484],[12.623034,55.640501],[12.623129,55.640525],[12.62354,55.640635],[12.62376,55.640695],[12.623996,55.640749],[12.624724,55.640895],[12.625196,55.64099],[12.62555,55.641061],[12.626137,55.641179],[12.626371,55.641226],[12.626638,55.641279],[12.626789,55.64131],[12.627294,55.641411],[12.627134,55.6417],[12.627086,55.641784],[12.627008,55.641924],[12.626932,55.64206],[12.626854,55.642201],[12.626735,55.642412],[12.626616,55.642625],[12.626536,55.642766],[12.626458,55.642908],[12.626378,55.64305],[12.625966,55.643788],[12.626604,55.64392],[12.626782,55.643957],[12.627434,55.644092],[12.628136,55.644238],[12.628217,55.644256],[12.62837,55.644297],[12.628413,55.644303],[12.628586,55.644912],[12.628633,55.645093],[12.628566,55.645914],[12.628224,55.646675],[12.626565,55.649818],[12.625734,55.651347],[12.625652,55.65151],[12.620774,55.650744],[12.620433,55.651687],[12.616591,55.651089],[12.616633,55.651014],[12.612494,55.650355],[12.612813,55.649652],[12.61352,55.648092],[12.613257,55.64806],[12.612884,55.648049],[12.60467,55.648062],[12.605511,55.64592],[12.605515,55.64591],[12.606227,55.644264],[12.606682,55.643109],[12.606736,55.642885],[12.608225,55.639178],[12.617007,55.640404]]]]}},{"type":"Feature","properties":{"name":"Grøndalsvængets Skole","schoolIds":["101015"]},"geometry":{"type":"MultiPolygon","coordinates":[[[[12.527561,55.695582],[12.528157,55.69565],[12.528571,55.695701],[12.529419,55.695802],[12.529725,55.695834],[12.529822,55.69593],[12.529878,55.69598],[12.530129,55.696226],[12.53014,55.696237],[12.530161,55.696257],[12.530384,55.696472],[12.530498,55.696583],[12.530637,55.696716],[12.53121,55.696707],[12.531277,55.696706],[12.531415,55.696703],[12.531557,55.6967],[12.531898,55.69669],[12.531904,55.69669],[12.532251,55.696677],[12.532161,55.696905],[12.532086,55.697094],[12.53215,55.697131],[12.535035,55.697395],[12.535911,55.697475],[12.536557,55.697536],[12.537302,55.697603],[12.537828,55.697651],[12.537846,55.697653],[12.538092,55.697677],[12.538299,55.697672],[12.538481,55.69766],[12.538505,55.698021],[12.53857,55.698998],[12.538523,55.699168],[12.537535,55.701048],[12.534691,55.701562],[12.53359,55.701766],[12.533439,55.701812],[12.533516,55.701984],[12.533571,55.702163],[12.533525,55.70232],[12.532103,55.705305],[12.532103,55.705606],[12.531959,55.705409],[12.530741,55.704206],[12.530151,55.704901],[12.528001,55.705765],[12.527362,55.70526],[12.526274,55.705711],[12.525068,55.706123],[12.525372,55.706384],[12.522439,55.707331],[12.522261,55.707177],[12.522005,55.706955],[12.521621,55.706044],[12.520813,55.704121],[12.520204,55.702707],[12.519433,55.701975],[12.521498,55.70012],[12.523556,55.698496],[12.52652,55.696204],[12.527561,55.695582]]]]}},{"type":"Feature","properties":{"name":"Guldberg Skole","schoolIds":["101035"]},"geometry":{"type":"MultiPolygon","coordinates":[[[[12.563989,55.688211],[12.56621,55.689894],[12.566476,55.690095],[12.568488,55.691432],[12.569417,55.691959],[12.567985,55.692745],[12.566276,55.693681],[12.565351,55.694143],[12.562697,55.695706],[12.561521,55.696361],[12.561648,55.696674],[12.561821,55.698194],[12.562371,55.703066],[12.562372,55.703074],[12.562487,55.704138],[12.562637,55.705212],[12.562717,55.70549],[12.562987,55.706442],[12.562922,55.706427],[12.562846,55.706407],[12.56277,55.706385],[12.562697,55.706362],[12.562624,55.706337],[12.562554,55.706311],[12.562485,55.706283],[12.562418,55.706254],[12.562353,55.706223],[12.562291,55.706191],[12.56223,55.706158],[12.562172,55.706124],[12.56216,55.706117],[12.561944,55.705925],[12.56032,55.704483],[12.559973,55.704186],[12.559315,55.703589],[12.558866,55.703185],[12.554827,55.699557],[12.554279,55.699117],[12.552609,55.697658],[12.551517,55.696688],[12.549284,55.697532],[12.549301,55.697547],[12.549575,55.697795],[12.549812,55.698006],[12.549973,55.698149],[12.550111,55.698273],[12.550323,55.69847],[12.549113,55.698856],[12.549029,55.698785],[12.548577,55.698385],[12.547541,55.697486],[12.547759,55.697345],[12.547035,55.697009],[12.546311,55.696665],[12.54576,55.696388],[12.546762,55.695723],[12.544601,55.694727],[12.544815,55.6946],[12.54408,55.694253],[12.543195,55.694845],[12.54226,55.693912],[12.545622,55.691503],[12.546694,55.692453],[12.54884,55.69434],[12.553041,55.691555],[12.554539,55.690565],[12.555054,55.690223],[12.557521,55.691873],[12.558591,55.691398],[12.560277,55.690665],[12.561003,55.690865],[12.561329,55.690746],[12.561709,55.690548],[12.563382,55.689746],[12.563066,55.689518],[12.562369,55.688886],[12.563989,55.688211]]]]}},{"type":"Feature","properties":{"name":"Hanssted Skole","schoolIds":["101070"]},"geometry":{"type":"MultiPolygon","coordinates":[[[[12.490171,55.67002],[12.489638,55.67016],[12.489627,55.670145],[12.489557,55.670092],[12.489258,55.670171],[12.489318,55.670244],[12.486432,55.671001],[12.486315,55.670858],[12.485704,55.67102],[12.48582,55.671161],[12.484636,55.671472],[12.481519,55.672279],[12.482003,55.672665],[12.480666,55.672655],[12.474283,55.672769],[12.474303,55.672656],[12.474524,55.672652],[12.474509,55.672483],[12.47455,55.67241],[12.474733,55.672162],[12.478587,55.672081],[12.478613,55.672027],[12.478597,55.671392],[12.478601,55.671271],[12.478539,55.671102],[12.478529,55.670981],[12.478513,55.67083],[12.478532,55.670686],[12.478517,55.670572],[12.478507,55.670504],[12.478482,55.670322],[12.478509,55.670236],[12.478509,55.670137],[12.478462,55.669706],[12.478475,55.669492],[12.478406,55.668921],[12.478428,55.668431],[12.478416,55.668053],[12.478348,55.667752],[12.478348,55.667548],[12.478367,55.667464],[12.478357,55.667332],[12.478308,55.667035],[12.478316,55.666965],[12.478339,55.666854],[12.478343,55.6668],[12.47814,55.665991],[12.478226,55.66597],[12.47829,55.665883],[12.478383,55.665646],[12.478345,55.665548],[12.478293,55.665515],[12.478241,55.665549],[12.478201,55.664996],[12.478333,55.664988],[12.478301,55.664573],[12.47859,55.664579],[12.478568,55.664273],[12.4831,55.664228],[12.494029,55.664119],[12.49402,55.664297],[12.493882,55.6643],[12.493896,55.664401],[12.493913,55.6644],[12.493999,55.665022],[12.493947,55.665024],[12.494027,55.665687],[12.494041,55.665733],[12.494097,55.665771],[12.492971,55.665748],[12.492012,55.666071],[12.490953,55.666522],[12.487501,55.667927],[12.490171,55.67002]]]]}},{"type":"Feature","properties":{"name":"Heibergskolen","schoolIds":["101537"]},"geometry":{"type":"MultiPolygon","coordinates":[[[[12.579887,55.703552],[12.580397,55.701786],[12.581158,55.701394],[12.581925,55.700888],[12.582247,55.700527],[12.582961,55.699647],[12.584926,55.700079],[12.585337,55.700273],[12.586379,55.700633],[12.586431,55.70065],[12.587222,55.700888],[12.58901,55.701325],[12.588474,55.702063],[12.58538,55.701313],[12.584327,55.702651],[12.584225,55.702756],[12.584155,55.702827],[12.583812,55.703934],[12.582891,55.703838],[12.581912,55.703745],[12.581272,55.703688],[12.581155,55.703686],[12.579887,55.703552]]]]}},{"type":"Feature","properties":{"name":"Holbergskolen","schoolIds":["101030"]},"geometry":{"type":"MultiPolygon","coordinates":[[[[12.514642,55.722697],[12.514714,55.722307],[12.514718,55.722127],[12.514519,55.721612],[12.514201,55.721144],[12.514171,55.721114],[12.513852,55.720832],[12.513662,55.720619],[12.51354,55.720413],[12.513485,55.720134],[12.513585,55.719967],[12.513477,55.719868],[12.513019,55.719846],[12.513137,55.719612],[12.51318,55.719456],[12.513238,55.719272],[12.513269,55.719061],[12.513275,55.718864],[12.513286,55.718745],[12.51325,55.718553],[12.513195,55.71833],[12.513075,55.718021],[12.512965,55.717716],[12.513222,55.717739],[12.513479,55.717748],[12.513887,55.717732],[12.514193,55.717704],[12.514497,55.717653],[12.514691,55.717608],[12.515153,55.717481],[12.515607,55.717354],[12.516163,55.717216],[12.516585,55.717122],[12.517,55.717044],[12.51737,55.716987],[12.51787,55.716922],[12.518185,55.71689],[12.518593,55.716853],[12.519014,55.716825],[12.519405,55.716808],[12.520051,55.716797],[12.520689,55.716791],[12.521456,55.716769],[12.521512,55.716801],[12.521586,55.716843],[12.521661,55.716885],[12.521738,55.716926],[12.521814,55.716967],[12.521892,55.717008],[12.521971,55.717047],[12.52205,55.717087],[12.52213,55.717126],[12.52221,55.717164],[12.522292,55.717202],[12.522374,55.717239],[12.522457,55.717276],[12.522541,55.717312],[12.522625,55.717348],[12.52271,55.717384],[12.522795,55.717418],[12.522882,55.717453],[12.522969,55.717486],[12.523056,55.71752],[12.523144,55.717552],[12.523233,55.717584],[12.523323,55.717616],[12.523413,55.717647],[12.523504,55.717677],[12.523595,55.717707],[12.523687,55.717737],[12.523779,55.717765],[12.523872,55.717794],[12.523965,55.717821],[12.524059,55.717848],[12.524154,55.717875],[12.524249,55.717901],[12.524312,55.717918],[12.52696,55.718562],[12.526983,55.718568],[12.527058,55.718586],[12.527133,55.718605],[12.527207,55.718625],[12.527281,55.718646],[12.527354,55.718666],[12.527427,55.718688],[12.527499,55.71871],[12.52757,55.718733],[12.527641,55.718756],[12.527712,55.71878],[12.527782,55.718804],[12.527851,55.718829],[12.52792,55.718854],[12.527988,55.71888],[12.528055,55.718907],[12.528156,55.718946],[12.528431,55.718859],[12.531445,55.718121],[12.53119,55.717009],[12.53112,55.716342],[12.531174,55.715653],[12.53188,55.713335],[12.531995,55.712835],[12.532071,55.712237],[12.532085,55.711875],[12.533254,55.712105],[12.533273,55.712111],[12.533348,55.712134],[12.533421,55.712159],[12.533494,55.712184],[12.533565,55.71221],[12.533636,55.712238],[12.533705,55.712266],[12.533773,55.712295],[12.53384,55.712325],[12.533905,55.712356],[12.533959,55.712383],[12.533975,55.712391],[12.534038,55.712424],[12.534099,55.712458],[12.534158,55.712492],[12.534217,55.712527],[12.534273,55.712563],[12.534329,55.7126],[12.534382,55.712637],[12.534434,55.712676],[12.534485,55.712715],[12.534534,55.712754],[12.534581,55.712794],[12.534626,55.712835],[12.53467,55.712877],[12.534712,55.712919],[12.534752,55.712961],[12.53479,55.713004],[12.534826,55.713048],[12.534861,55.713092],[12.534894,55.713136],[12.534925,55.713181],[12.534953,55.713227],[12.534978,55.713269],[12.535102,55.713473],[12.535548,55.714055],[12.535567,55.71408],[12.535606,55.71413],[12.535645,55.71418],[12.535684,55.71423],[12.535724,55.71428],[12.535765,55.71433],[12.535806,55.71438],[12.535847,55.714429],[12.535889,55.714479],[12.535932,55.714528],[12.535974,55.714577],[12.536018,55.714626],[12.536061,55.714675],[12.536106,55.714724],[12.53615,55.714772],[12.536195,55.714821],[12.536241,55.714869],[12.536287,55.714918],[12.536333,55.714966],[12.53638,55.715014],[12.536427,55.715061],[12.536475,55.715109],[12.536523,55.715157],[12.536572,55.715204],[12.536621,55.715251],[12.536671,55.715298],[12.536721,55.715345],[12.536771,55.715392],[12.536822,55.715439],[12.536873,55.715485],[12.536925,55.715532],[12.536977,55.715578],[12.53703,55.715624],[12.537083,55.71567],[12.537136,55.715716],[12.53719,55.715761],[12.537244,55.715807],[12.537299,55.715852],[12.537354,55.715897],[12.537409,55.715942],[12.537465,55.715987],[12.537522,55.716031],[12.537578,55.716076],[12.537636,55.71612],[12.537693,55.716164],[12.537751,55.716208],[12.53781,55.716252],[12.537868,55.716296],[12.537928,55.716339],[12.537987,55.716382],[12.53805,55.716424],[12.538112,55.716463],[12.538172,55.716503],[12.538231,55.716544],[12.538288,55.716585],[12.538344,55.716627],[12.538397,55.71667],[12.538437,55.716702],[12.53845,55.716713],[12.5385,55.716757],[12.538549,55.716802],[12.538596,55.716847],[12.538641,55.716893],[12.538684,55.716939],[12.538726,55.716986],[12.538766,55.717033],[12.538798,55.717082],[12.538827,55.717124],[12.538858,55.717166],[12.538891,55.717208],[12.538926,55.717249],[12.538962,55.71729],[12.539001,55.71733],[12.539041,55.717369],[12.539062,55.717389],[12.540505,55.719101],[12.540616,55.719201],[12.540727,55.719278],[12.540737,55.719284],[12.540798,55.71932],[12.540862,55.719354],[12.540929,55.719386],[12.540999,55.719416],[12.541072,55.719444],[12.541147,55.71947],[12.541225,55.719494],[12.541304,55.719515],[12.541386,55.719534],[12.542014,55.719671],[12.541898,55.719817],[12.541595,55.720208],[12.541159,55.720793],[12.540917,55.721168],[12.54074,55.721469],[12.54046,55.721998],[12.540239,55.722598],[12.540181,55.722718],[12.538761,55.726334],[12.538297,55.72644],[12.537964,55.726521],[12.537533,55.726619],[12.535869,55.72701],[12.535853,55.727014],[12.535837,55.727018],[12.535822,55.727021],[12.535806,55.727025],[12.53579,55.727029],[12.535758,55.727036],[12.535742,55.727039],[12.535728,55.727042],[12.535661,55.727055],[12.535617,55.727063],[12.535587,55.727068],[12.535556,55.727073],[12.5355,55.727081],[12.535466,55.727086],[12.535419,55.727092],[12.53539,55.727095],[12.535364,55.727098],[12.53529,55.727104],[12.535244,55.727108],[12.535199,55.727111],[12.535154,55.727113],[12.535118,55.727115],[12.535062,55.727116],[12.535025,55.727117],[12.534993,55.727117],[12.534938,55.727117],[12.534906,55.727116],[12.534883,55.727116],[12.534796,55.727113],[12.534764,55.727111],[12.534727,55.727109],[12.534723,55.727109],[12.533165,55.726978],[12.529533,55.727149],[12.529239,55.727129],[12.527416,55.726831],[12.526249,55.727104],[12.525587,55.726818],[12.525316,55.727178],[12.525243,55.727339],[12.525139,55.727373],[12.524744,55.727424],[12.523999,55.727522],[12.523694,55.727562],[12.523704,55.727482],[12.521485,55.727833],[12.521337,55.727853],[12.521277,55.727847],[12.521256,55.727846],[12.519599,55.727566],[12.518932,55.727211],[12.518375,55.726809],[12.517901,55.726331],[12.517409,55.725738],[12.516977,55.725145],[12.516527,55.724532],[12.516104,55.723951],[12.515899,55.723679],[12.5153,55.722869],[12.514617,55.722885],[12.514642,55.722697]]]]}},{"type":"Feature","properties":{"name":"Husum Skole","schoolIds":["101017"]},"geometry":{"type":"MultiPolygon","coordinates":[[[[12.466642,55.706297],[12.468455,55.701853],[12.469353,55.699653],[12.470008,55.6995],[12.472516,55.698913],[12.475691,55.698158],[12.477164,55.697823],[12.477396,55.697793],[12.477809,55.697764],[12.478225,55.697767],[12.478617,55.697799],[12.47923,55.69786],[12.480821,55.697765],[12.481266,55.698026],[12.482264,55.698098],[12.483552,55.698185],[12.484374,55.698237],[12.48502,55.698279],[12.485473,55.698313],[12.483965,55.700556],[12.484942,55.701473],[12.485387,55.701882],[12.487456,55.703812],[12.487853,55.70419],[12.489963,55.705962],[12.485128,55.707815],[12.485759,55.708344],[12.485829,55.708434],[12.485876,55.70858],[12.485866,55.708678],[12.48585,55.708727],[12.485803,55.708809],[12.48577,55.708847],[12.485658,55.709166],[12.48554,55.710081],[12.478991,55.712315],[12.478198,55.71255],[12.477389,55.712767],[12.477277,55.712798],[12.477203,55.712815],[12.477127,55.712829],[12.47705,55.712841],[12.476972,55.712851],[12.476891,55.712858],[12.476813,55.712862],[12.476733,55.712864],[12.476653,55.712863],[12.476573,55.71286],[12.476494,55.712854],[12.476415,55.712845],[12.476338,55.712834],[12.475099,55.712515],[12.472659,55.711833],[12.473578,55.711592],[12.473816,55.711531],[12.474963,55.71121],[12.477157,55.710605],[12.477619,55.710476],[12.479979,55.709684],[12.479476,55.709369],[12.47934,55.709292],[12.478799,55.709027],[12.478592,55.708944],[12.478419,55.708875],[12.477891,55.708703],[12.477477,55.708622],[12.473457,55.707675],[12.47244,55.707447],[12.471026,55.70713],[12.469951,55.706905],[12.468588,55.706694],[12.4673,55.706491],[12.467002,55.706432],[12.466995,55.70643],[12.466986,55.706428],[12.466978,55.706426],[12.46697,55.706425],[12.466961,55.706423],[12.466953,55.706421],[12.466945,55.706418],[12.466937,55.706416],[12.466929,55.706414],[12.466921,55.706412],[12.466913,55.706409],[12.466905,55.706407],[12.466898,55.706404],[12.46689,55.706402],[12.466882,55.706399],[12.466875,55.706397],[12.466867,55.706394],[12.46686,55.706391],[12.466852,55.706388],[12.466845,55.706385],[12.466838,55.706382],[12.466642,55.706297]]]]}},{"type":"Feature","properties":{"name":"Katrinedals Skole","schoolIds":["101019"]},"geometry":{"type":"MultiPolygon","coordinates":[[[[12.505171,55.69664],[12.505117,55.696626],[12.499329,55.69519],[12.494805,55.694061],[12.494273,55.693905],[12.493891,55.693802],[12.489617,55.693015],[12.489313,55.692961],[12.487795,55.69269],[12.48672,55.692454],[12.487795,55.6909],[12.488827,55.689315],[12.489634,55.688105],[12.48987,55.687779],[12.490196,55.687432],[12.490283,55.687338],[12.492344,55.686915],[12.493373,55.686727],[12.49353,55.6867],[12.494985,55.68643],[12.496311,55.686185],[12.496717,55.686093],[12.497133,55.685943],[12.49737,55.685839],[12.497601,55.685722],[12.498087,55.68546],[12.498204,55.685522],[12.498452,55.685654],[12.498633,55.685729],[12.498824,55.686007],[12.498852,55.686051],[12.498887,55.686093],[12.498925,55.686134],[12.498973,55.686173],[12.499033,55.686206],[12.499099,55.686233],[12.499169,55.686258],[12.499241,55.686281],[12.499959,55.686474],[12.500024,55.686494],[12.500085,55.686517],[12.500148,55.686548],[12.500192,55.686574],[12.500242,55.686604],[12.500292,55.686635],[12.500341,55.686666],[12.500389,55.686697],[12.500676,55.686791],[12.501069,55.686946],[12.501403,55.687085],[12.501456,55.687118],[12.502048,55.687522],[12.502122,55.687572],[12.502419,55.687775],[12.503637,55.688147],[12.503806,55.688201],[12.503968,55.688252],[12.504365,55.688308],[12.50518,55.688423],[12.505515,55.688468],[12.50574,55.6885],[12.506148,55.688556],[12.506321,55.688564],[12.506359,55.688566],[12.506723,55.688583],[12.507296,55.688689],[12.508011,55.688819],[12.508376,55.688886],[12.508686,55.688927],[12.50952,55.689022],[12.510388,55.689105],[12.510927,55.689234],[12.51107,55.689269],[12.509108,55.69114],[12.507416,55.692753],[12.507127,55.692988],[12.506248,55.693744],[12.505456,55.694409],[12.505938,55.694655],[12.505959,55.694666],[12.506019,55.694699],[12.506079,55.694733],[12.506138,55.694767],[12.506196,55.694801],[12.506254,55.694836],[12.50631,55.694872],[12.506366,55.694908],[12.506421,55.694944],[12.506475,55.694981],[12.506528,55.695018],[12.50658,55.695055],[12.506631,55.695093],[12.506682,55.695131],[12.506731,55.69517],[12.50678,55.695209],[12.506827,55.695249],[12.506874,55.695288],[12.506919,55.695328],[12.506964,55.695369],[12.507004,55.69541],[12.507041,55.695462],[12.507075,55.695514],[12.507108,55.695567],[12.507139,55.695621],[12.507168,55.695674],[12.507196,55.695728],[12.507221,55.695782],[12.507244,55.695837],[12.507265,55.695892],[12.507284,55.695947],[12.507285,55.695948],[12.507406,55.696336],[12.507194,55.696478],[12.506512,55.696933],[12.506438,55.696993],[12.506324,55.69706],[12.506222,55.697011],[12.506148,55.696977],[12.506073,55.696943],[12.505996,55.696911],[12.505919,55.696879],[12.50584,55.696849],[12.50576,55.696819],[12.505679,55.696791],[12.505596,55.696763],[12.505513,55.696736],[12.505429,55.696711],[12.505344,55.696686],[12.505258,55.696662],[12.505171,55.69664]]]]}},{"type":"Feature","properties":{"name":"Kildevældsskolen","schoolIds":["101151"]},"geometry":{"type":"MultiPolygon","coordinates":[[[[12.56402,55.708327],[12.566808,55.70892],[12.566072,55.710262],[12.566273,55.71069],[12.566642,55.710773],[12.567414,55.710944],[12.568658,55.711221],[12.569347,55.711364],[12.569598,55.711421],[12.57045,55.711681],[12.570743,55.711753],[12.571304,55.711842],[12.574902,55.71247],[12.577525,55.712923],[12.577527,55.713568],[12.577528,55.713731],[12.57757,55.714785],[12.577571,55.7148],[12.577494,55.715634],[12.577481,55.715728],[12.577385,55.716468],[12.577224,55.716522],[12.577201,55.716523],[12.576769,55.716669],[12.576637,55.716714],[12.576565,55.716739],[12.576493,55.716764],[12.576422,55.71679],[12.576355,55.716816],[12.57627,55.71685],[12.576185,55.716885],[12.576101,55.716919],[12.576016,55.716954],[12.575932,55.716989],[12.575849,55.717025],[12.575765,55.717061],[12.575682,55.717096],[12.5756,55.717133],[12.575517,55.717169],[12.575435,55.717205],[12.575353,55.717242],[12.575272,55.717279],[12.575207,55.71731],[12.575133,55.717346],[12.57506,55.717383],[12.574987,55.71742],[12.574915,55.717458],[12.574844,55.717496],[12.574774,55.717534],[12.574705,55.717573],[12.574636,55.717612],[12.574569,55.717652],[12.574502,55.7177],[12.57436,55.71779],[12.574297,55.71782],[12.574235,55.717857],[12.574171,55.717898],[12.573928,55.718074],[12.573866,55.71812],[12.573805,55.718166],[12.573745,55.718212],[12.573685,55.718259],[12.573627,55.718307],[12.573569,55.718354],[12.573512,55.718402],[12.573457,55.718451],[12.573402,55.718499],[12.573348,55.718548],[12.573296,55.718598],[12.573238,55.718653],[12.573178,55.718711],[12.57312,55.718769],[12.573062,55.718828],[12.573005,55.718887],[12.572949,55.718947],[12.572911,55.718987],[12.572872,55.71903],[12.572834,55.719073],[12.572797,55.719117],[12.572761,55.719161],[12.572726,55.719205],[12.572692,55.719249],[12.572653,55.719302],[12.572621,55.719346],[12.57259,55.71939],[12.572559,55.719435],[12.572529,55.719479],[12.5725,55.719523],[12.572471,55.719568],[12.572442,55.719612],[12.572414,55.719657],[12.572386,55.719701],[12.572359,55.719746],[12.572346,55.719769],[12.571919,55.720488],[12.571712,55.720835],[12.571481,55.721216],[12.571439,55.721285],[12.571396,55.721353],[12.571353,55.721422],[12.57131,55.721491],[12.571265,55.72156],[12.571221,55.721628],[12.571176,55.721697],[12.571128,55.721768],[12.571092,55.721824],[12.571056,55.721879],[12.57102,55.721935],[12.570986,55.72199],[12.570949,55.72205],[12.570911,55.722115],[12.570874,55.72218],[12.570837,55.722245],[12.5708,55.722311],[12.570765,55.722376],[12.570729,55.722442],[12.570694,55.722508],[12.57066,55.722574],[12.570631,55.72263],[12.570608,55.722675],[12.570585,55.72272],[12.570561,55.722765],[12.570537,55.72281],[12.570512,55.722855],[12.570487,55.7229],[12.570462,55.722944],[12.570436,55.722989],[12.570427,55.723004],[12.570167,55.723441],[12.568257,55.725742],[12.568349,55.724851],[12.568276,55.724853],[12.568035,55.724868],[12.568035,55.724868],[12.568035,55.724805],[12.568097,55.723317],[12.568022,55.723156],[12.567977,55.723047],[12.567832,55.722756],[12.567767,55.722649],[12.567721,55.72257],[12.567658,55.722454],[12.567571,55.722315],[12.56755,55.722289],[12.567433,55.722134],[12.567259,55.721911],[12.566782,55.721424],[12.56658,55.721226],[12.566285,55.720937],[12.565782,55.72045],[12.565263,55.71997],[12.565187,55.719905],[12.565,55.719737],[12.564456,55.719286],[12.564444,55.719276],[12.563279,55.71838],[12.562952,55.71815],[12.562652,55.717938],[12.562016,55.717503],[12.561063,55.71685],[12.560736,55.716625],[12.560429,55.716414],[12.559798,55.715979],[12.559278,55.715618],[12.559168,55.715542],[12.55903,55.715447],[12.558576,55.715134],[12.558933,55.714423],[12.559675,55.713056],[12.55987,55.712585],[12.559926,55.712277],[12.559927,55.712273],[12.559936,55.712221],[12.559947,55.712168],[12.559961,55.712115],[12.559976,55.712062],[12.559994,55.71201],[12.560013,55.711958],[12.560938,55.710104],[12.561025,55.709953],[12.5624,55.707554],[12.562648,55.707151],[12.562987,55.706442],[12.56491,55.706781],[12.56402,55.708327]]]]}},{"type":"Feature","properties":{"name":"Kirkebjerg Skole","schoolIds":["101020"]},"geometry":{"type":"MultiPolygon","coordinates":[[[[12.490963,55.697437],[12.490205,55.697399],[12.490304,55.698628],[12.489332,55.698565],[12.488544,55.698518],[12.488044,55.69848],[12.486986,55.698416],[12.486824,55.6984],[12.486211,55.698358],[12.485473,55.698313],[12.48502,55.698279],[12.484374,55.698237],[12.483552,55.698185],[12.482264,55.698098],[12.481266,55.698026],[12.480821,55.697765],[12.47923,55.69786],[12.478617,55.697799],[12.478225,55.697767],[12.477809,55.697764],[12.477396,55.697793],[12.477164,55.697823],[12.475691,55.698158],[12.472516,55.698913],[12.470008,55.6995],[12.469353,55.699653],[12.46894,55.699755],[12.468981,55.699624],[12.468835,55.69966],[12.468896,55.699468],[12.468979,55.699223],[12.469152,55.69882],[12.469211,55.69868],[12.469959,55.697221],[12.470299,55.696542],[12.470512,55.69613],[12.470777,55.695665],[12.470915,55.695416],[12.471003,55.69531],[12.471026,55.695254],[12.4712,55.695013],[12.471299,55.694872],[12.471519,55.694604],[12.471754,55.694337],[12.471992,55.694072],[12.472377,55.693663],[12.47264,55.693413],[12.472929,55.693162],[12.473355,55.692834],[12.473701,55.692552],[12.474342,55.692096],[12.474681,55.691867],[12.474972,55.691698],[12.475218,55.691543],[12.475234,55.691547],[12.475298,55.691538],[12.475442,55.69145],[12.475403,55.691426],[12.475593,55.691312],[12.475735,55.691227],[12.47604,55.691057],[12.476062,55.691004],[12.476334,55.691003],[12.476571,55.690882],[12.476856,55.690744],[12.476891,55.690635],[12.477124,55.690547],[12.477213,55.690466],[12.477654,55.690267],[12.47768,55.690293],[12.477885,55.690221],[12.477889,55.690171],[12.478155,55.690061],[12.478426,55.689954],[12.478699,55.689849],[12.478975,55.689746],[12.479259,55.689651],[12.479833,55.689467],[12.480122,55.689376],[12.480657,55.689218],[12.480744,55.689253],[12.480912,55.6892],[12.480961,55.689139],[12.481106,55.689091],[12.481606,55.688961],[12.481575,55.68906],[12.481788,55.689008],[12.481047,55.691212],[12.483218,55.691686],[12.48672,55.692454],[12.487795,55.69269],[12.489313,55.692961],[12.489617,55.693015],[12.493891,55.693802],[12.494273,55.693905],[12.494805,55.694061],[12.499329,55.69519],[12.498441,55.697638],[12.498384,55.698002],[12.494849,55.697871],[12.494343,55.697827],[12.493825,55.697726],[12.492833,55.697532],[12.490963,55.697437]]]]}},{"type":"Feature","properties":{"name":"Kirsebærhavens Skole","schoolIds":["281980"]},"geometry":{"type":"MultiPolygon","coordinates":[[[[12.486162,55.651949],[12.486689,55.651672],[12.487092,55.651448],[12.487336,55.651276],[12.48757,55.651047],[12.487673,55.650925],[12.487768,55.650737],[12.48787,55.650605],[12.488041,55.650282],[12.488155,55.649974],[12.488333,55.649828],[12.488638,55.649366],[12.488531,55.64916],[12.488757,55.648938],[12.489223,55.64862],[12.489575,55.648217],[12.490052,55.647635],[12.49018,55.647421],[12.490271,55.647157],[12.490278,55.646998],[12.490305,55.646847],[12.4904,55.646637],[12.490487,55.646471],[12.490607,55.646403],[12.490718,55.646348],[12.490902,55.64623],[12.490914,55.646223],[12.490925,55.646216],[12.490937,55.646209],[12.490949,55.646202],[12.49096,55.646195],[12.490972,55.646189],[12.490984,55.646182],[12.490996,55.646175],[12.491008,55.646169],[12.491021,55.646162],[12.491033,55.646156],[12.491045,55.646149],[12.491058,55.646143],[12.49107,55.646136],[12.491083,55.64613],[12.491096,55.646124],[12.491109,55.646118],[12.491122,55.646111],[12.491135,55.646105],[12.491148,55.646099],[12.491161,55.646093],[12.491174,55.646087],[12.491187,55.646081],[12.491201,55.646076],[12.491214,55.64607],[12.491228,55.646064],[12.491241,55.646059],[12.491255,55.646053],[12.491269,55.646047],[12.491283,55.646042],[12.491296,55.646037],[12.49131,55.646031],[12.491325,55.646026],[12.491339,55.646021],[12.491353,55.646016],[12.491367,55.64601],[12.491381,55.646005],[12.491396,55.646],[12.49141,55.645995],[12.491425,55.645991],[12.491439,55.645986],[12.491454,55.645981],[12.491469,55.645976],[12.491483,55.645972],[12.491498,55.645967],[12.491513,55.645963],[12.491528,55.645958],[12.491543,55.645954],[12.491558,55.64595],[12.491573,55.645945],[12.491589,55.645941],[12.491604,55.645937],[12.491619,55.645933],[12.491634,55.645929],[12.49165,55.645925],[12.491665,55.645921],[12.491681,55.645918],[12.491696,55.645914],[12.491712,55.64591],[12.491728,55.645907],[12.491743,55.645903],[12.491759,55.6459],[12.491775,55.645896],[12.491791,55.645893],[12.491806,55.64589],[12.491822,55.645887],[12.491838,55.645884],[12.491854,55.645881],[12.49187,55.645878],[12.491886,55.645875],[12.491903,55.645872],[12.491919,55.645869],[12.491935,55.645866],[12.491951,55.645864],[12.491967,55.645861],[12.491984,55.645859],[12.492,55.645856],[12.492016,55.645854],[12.492033,55.645852],[12.492049,55.645849],[12.492066,55.645847],[12.492082,55.645845],[12.492099,55.645843],[12.492115,55.645841],[12.492132,55.645839],[12.492148,55.645838],[12.492165,55.645836],[12.492176,55.645835],[12.492716,55.64579],[12.492735,55.645789],[12.492753,55.645788],[12.492772,55.645787],[12.492791,55.645785],[12.492809,55.645784],[12.492828,55.645783],[12.492847,55.645781],[12.492865,55.64578],[12.492884,55.645778],[12.492902,55.645777],[12.492921,55.645775],[12.492939,55.645773],[12.492958,55.645772],[12.492976,55.64577],[12.492995,55.645768],[12.493013,55.645766],[12.493032,55.645764],[12.49305,55.645761],[12.493068,55.645759],[12.493087,55.645757],[12.493105,55.645755],[12.493123,55.645752],[12.493142,55.64575],[12.49316,55.645747],[12.493178,55.645744],[12.493196,55.645742],[12.493214,55.645739],[12.493232,55.645736],[12.49325,55.645733],[12.493268,55.64573],[12.493286,55.645727],[12.493304,55.645724],[12.493322,55.645721],[12.49334,55.645717],[12.493358,55.645714],[12.493376,55.645711],[12.493393,55.645707],[12.493411,55.645704],[12.493429,55.6457],[12.493446,55.645696],[12.493464,55.645692],[12.493481,55.645689],[12.493499,55.645685],[12.493516,55.645681],[12.493534,55.645677],[12.493551,55.645673],[12.493568,55.645669],[12.493586,55.645664],[12.493603,55.64566],[12.49362,55.645656],[12.493637,55.645651],[12.493654,55.645647],[12.493671,55.645642],[12.493688,55.645638],[12.493705,55.645633],[12.493722,55.645628],[12.493738,55.645623],[12.493755,55.645619],[12.493772,55.645614],[12.493788,55.645609],[12.493805,55.645604],[12.493821,55.645598],[12.493838,55.645593],[12.493854,55.645588],[12.49387,55.645583],[12.493886,55.645577],[12.493903,55.645572],[12.493919,55.645566],[12.493935,55.645561],[12.493951,55.645555],[12.493966,55.64555],[12.493982,55.645544],[12.493998,55.645538],[12.494014,55.645532],[12.494029,55.645526],[12.494045,55.64552],[12.49406,55.645514],[12.494076,55.645508],[12.494091,55.645502],[12.494106,55.645496],[12.494121,55.645489],[12.494136,55.645483],[12.494151,55.645477],[12.494166,55.64547],[12.494181,55.645464],[12.494196,55.645457],[12.494211,55.645451],[12.494225,55.645444],[12.49424,55.645437],[12.494254,55.64543],[12.494269,55.645424],[12.494283,55.645417],[12.494297,55.64541],[12.494311,55.645403],[12.494471,55.645309],[12.496891,55.643487],[12.497189,55.64332],[12.497185,55.643044],[12.497709,55.642788],[12.498636,55.64259],[12.499363,55.642237],[12.499475,55.642166],[12.499939,55.64189],[12.500105,55.641791],[12.500235,55.641739],[12.500325,55.641721],[12.500501,55.641634],[12.500677,55.641551],[12.500806,55.641524],[12.500948,55.641474],[12.501237,55.641215],[12.501284,55.641112],[12.501534,55.640784],[12.501813,55.640354],[12.501738,55.64025],[12.502409,55.639236],[12.502517,55.639111],[12.502626,55.639008],[12.502777,55.638876],[12.504662,55.637361],[12.506151,55.636158],[12.506346,55.63592],[12.50662,55.636026],[12.506647,55.635936],[12.506967,55.636],[12.507006,55.636],[12.508851,55.634504],[12.509233,55.634447],[12.519996,55.637331],[12.521948,55.637436],[12.522289,55.637454],[12.521163,55.641409],[12.521268,55.641426],[12.521369,55.641444],[12.521522,55.641472],[12.521644,55.641498],[12.521736,55.64152],[12.521831,55.641545],[12.521909,55.641567],[12.521987,55.641593],[12.522059,55.641617],[12.522121,55.641642],[12.522184,55.641668],[12.522242,55.641697],[12.522291,55.641726],[12.522344,55.641757],[12.522393,55.641792],[12.522438,55.641826],[12.522482,55.641865],[12.522522,55.641906],[12.522558,55.641949],[12.522587,55.64199],[12.522617,55.642037],[12.522642,55.642079],[12.522671,55.642136],[12.522695,55.642195],[12.522713,55.642249],[12.522729,55.6423],[12.52274,55.642343],[12.522751,55.64239],[12.522758,55.64244],[12.522765,55.642499],[12.522766,55.642549],[12.522763,55.642596],[12.52276,55.642651],[12.522752,55.642696],[12.522745,55.642735],[12.522732,55.642788],[12.522718,55.642841],[12.5227,55.642891],[12.522677,55.64295],[12.522651,55.64301],[12.522623,55.643069],[12.5226,55.643119],[12.522578,55.64317],[12.522525,55.6433],[12.522474,55.643461],[12.52244,55.643568],[12.522417,55.643649],[12.522398,55.643737],[12.522386,55.64382],[12.522375,55.643898],[12.522371,55.64397],[12.522366,55.644078],[12.522372,55.644178],[12.522377,55.644253],[12.522387,55.644347],[12.522398,55.6444],[12.522411,55.644454],[12.522461,55.644584],[12.522514,55.64469],[12.522593,55.644827],[12.522684,55.644969],[12.522709,55.645009],[12.522736,55.645045],[12.522775,55.645099],[12.522858,55.645197],[12.522899,55.645242],[12.523015,55.645359],[12.52305,55.645393],[12.523106,55.645444],[12.523272,55.645597],[12.523334,55.645653],[12.523426,55.645737],[12.523176,55.645988],[12.522488,55.646665],[12.522263,55.646891],[12.5191,55.650083],[12.51901,55.650166],[12.518923,55.650171],[12.518621,55.650422],[12.518647,55.650422],[12.518583,55.650493],[12.51856,55.650517],[12.518537,55.650539],[12.518511,55.650563],[12.518459,55.650609],[12.518355,55.650699],[12.518248,55.650787],[12.51811,55.650898],[12.517939,55.651027],[12.517766,55.651156],[12.517565,55.651305],[12.517236,55.651543],[12.517054,55.651671],[12.517027,55.65169],[12.516932,55.651752],[12.516779,55.651854],[12.51662,55.65196],[12.516513,55.652032],[12.516616,55.652024],[12.516614,55.65206],[12.516661,55.652052],[12.516992,55.65205],[12.51918,55.651563],[12.520496,55.651145],[12.520591,55.651181],[12.520493,55.651564],[12.520461,55.651672],[12.520398,55.651774],[12.520349,55.652193],[12.520338,55.652244],[12.520335,55.65229],[12.520339,55.652336],[12.52034,55.652343],[12.520454,55.652786],[12.520467,55.652928],[12.520076,55.656341],[12.52002,55.656967],[12.519878,55.658123],[12.519634,55.660366],[12.519463,55.661772],[12.518829,55.661684],[12.516726,55.661638],[12.516685,55.661361],[12.515565,55.660085],[12.514231,55.658431],[12.510856,55.65933],[12.50839,55.659426],[12.507678,55.657347],[12.5078,55.657292],[12.507621,55.656589],[12.507915,55.656473],[12.508825,55.656119],[12.509148,55.655993],[12.509353,55.655916],[12.509979,55.655682],[12.510807,55.655367],[12.511283,55.655185],[12.511388,55.655145],[12.511011,55.654719],[12.510994,55.654699],[12.510723,55.654833],[12.510695,55.654846],[12.510637,55.654873],[12.510621,55.654863],[12.510466,55.654938],[12.510032,55.655147],[12.509883,55.655206],[12.509516,55.655352],[12.509109,55.655513],[12.508949,55.655577],[12.508867,55.65563],[12.508682,55.655712],[12.508482,55.655793],[12.507567,55.656133],[12.507169,55.656261],[12.506663,55.656442],[12.506581,55.656374],[12.506451,55.65625],[12.506345,55.655989],[12.505913,55.65543],[12.505572,55.655303],[12.503699,55.655789],[12.5029,55.65481],[12.501479,55.654603],[12.500613,55.656318],[12.497647,55.655637],[12.495022,55.655037],[12.49339,55.654668],[12.490661,55.654036],[12.487805,55.653385],[12.488363,55.652696],[12.48663,55.652698],[12.486609,55.652293],[12.486593,55.652246],[12.486566,55.6522],[12.48653,55.652156],[12.486485,55.652114],[12.486432,55.652076],[12.486371,55.652042],[12.486367,55.65204],[12.486162,55.651949]]]]}},{"type":"Feature","properties":{"name":"Korsager Skole","schoolIds":["101021"]},"geometry":{"type":"MultiPolygon","coordinates":[[[[12.461316,55.703153],[12.46223,55.703103],[12.462895,55.703062],[12.463268,55.703048],[12.463404,55.703028],[12.463559,55.702978],[12.463715,55.702894],[12.463843,55.702797],[12.464064,55.702594],[12.464182,55.702427],[12.464273,55.702245],[12.464279,55.702058],[12.46413,55.701474],[12.464112,55.701025],[12.464165,55.700969],[12.464202,55.700896],[12.464295,55.700882],[12.464739,55.700789],[12.465324,55.700647],[12.46894,55.699755],[12.469353,55.699653],[12.46868,55.701308],[12.468455,55.701853],[12.468297,55.702235],[12.466642,55.706297],[12.466838,55.706382],[12.466845,55.706385],[12.466852,55.706388],[12.46686,55.706391],[12.466867,55.706394],[12.466875,55.706397],[12.466882,55.706399],[12.46689,55.706402],[12.466898,55.706404],[12.466905,55.706407],[12.466913,55.706409],[12.466921,55.706412],[12.466929,55.706414],[12.466937,55.706416],[12.466945,55.706418],[12.466953,55.706421],[12.466961,55.706423],[12.46697,55.706425],[12.466978,55.706426],[12.466986,55.706428],[12.466995,55.70643],[12.467002,55.706432],[12.4673,55.706491],[12.468588,55.706694],[12.469951,55.706905],[12.471026,55.70713],[12.47244,55.707447],[12.473457,55.707675],[12.477477,55.708622],[12.477891,55.708703],[12.478419,55.708875],[12.478592,55.708944],[12.478799,55.709027],[12.47934,55.709292],[12.479476,55.709369],[12.479979,55.709684],[12.477619,55.710476],[12.477157,55.710605],[12.474963,55.71121],[12.473816,55.711531],[12.473578,55.711592],[12.472659,55.711833],[12.475099,55.712515],[12.476338,55.712834],[12.476308,55.712938],[12.476287,55.713029],[12.476277,55.713082],[12.476268,55.713137],[12.476264,55.713167],[12.47625,55.713305],[12.476248,55.713443],[12.476251,55.713532],[12.476266,55.713673],[12.476281,55.713764],[12.476325,55.713947],[12.476387,55.714128],[12.476468,55.714306],[12.477204,55.715688],[12.477948,55.71711],[12.477394,55.7173],[12.476931,55.717461],[12.476707,55.717511],[12.476511,55.717538],[12.476338,55.717546],[12.476149,55.717521],[12.475136,55.717321],[12.473796,55.717047],[12.473144,55.716908],[12.473046,55.716879],[12.472977,55.716839],[12.472882,55.716773],[12.472835,55.71672],[12.472745,55.716656],[12.472646,55.716599],[12.469366,55.715938],[12.47062,55.718863],[12.470465,55.718862],[12.466466,55.718846],[12.466225,55.718846],[12.466213,55.718871],[12.466033,55.718759],[12.465691,55.718551],[12.465098,55.718242],[12.464593,55.718023],[12.463986,55.717802],[12.463423,55.717632],[12.462668,55.717453],[12.46253,55.717424],[12.46202,55.717338],[12.459567,55.716964],[12.458634,55.71682],[12.458827,55.716456],[12.45795,55.714566],[12.457886,55.71449],[12.457471,55.714206],[12.457247,55.714077],[12.457116,55.714018],[12.456995,55.713978],[12.455634,55.713634],[12.454855,55.713338],[12.453097,55.712288],[12.453045,55.712232],[12.453074,55.712154],[12.453388,55.710047],[12.453717,55.707114],[12.453919,55.707094],[12.454064,55.70704],[12.45409,55.707013],[12.454481,55.706656],[12.454586,55.706485],[12.454781,55.706339],[12.454893,55.706287],[12.455,55.706195],[12.455084,55.706107],[12.455183,55.705908],[12.455317,55.705682],[12.455784,55.705016],[12.456028,55.704883],[12.456565,55.70453],[12.456786,55.704432],[12.457003,55.704359],[12.457953,55.704044],[12.458194,55.703977],[12.458721,55.703894],[12.460479,55.703343],[12.461013,55.703222],[12.461152,55.703187],[12.461316,55.703153]]]]}},{"type":"Feature","properties":{"name":"Langelinieskolen","schoolIds":["101175"]},"geometry":{"type":"MultiPolygon","coordinates":[[[[12.601249,55.703747],[12.601252,55.703785],[12.601343,55.70389],[12.601354,55.703905],[12.601355,55.703917],[12.601351,55.703929],[12.601344,55.70394],[12.601332,55.703948],[12.601321,55.703954],[12.601307,55.70396],[12.601278,55.703963],[12.601252,55.703963],[12.601223,55.703958],[12.601195,55.703947],[12.600807,55.703775],[12.6007,55.703682],[12.60039,55.703409],[12.599888,55.702965],[12.599682,55.702783],[12.599497,55.700589],[12.599297,55.69843],[12.598848,55.695749],[12.598815,55.695554],[12.597586,55.695654],[12.598092,55.69764],[12.597959,55.697651],[12.598392,55.698675],[12.597589,55.69874],[12.597647,55.69897],[12.597611,55.698973],[12.59762,55.69899],[12.597609,55.699006],[12.597594,55.699021],[12.597572,55.699031],[12.597541,55.699038],[12.597514,55.699034],[12.597483,55.699026],[12.597463,55.699013],[12.597442,55.698987],[12.597406,55.698989],[12.597348,55.69876],[12.597212,55.698771],[12.596446,55.695756],[12.594968,55.695871],[12.596438,55.70024],[12.596719,55.701075],[12.596183,55.701303],[12.596901,55.701852],[12.59772,55.7025],[12.597748,55.702567],[12.597749,55.702572],[12.597763,55.702574],[12.597763,55.702595],[12.59775,55.702615],[12.597694,55.702606],[12.597679,55.702614],[12.597664,55.702621],[12.59764,55.702628],[12.597624,55.702631],[12.597589,55.702635],[12.59757,55.702635],[12.597554,55.702634],[12.597535,55.702632],[12.597513,55.702628],[12.597494,55.702622],[12.595192,55.701398],[12.594849,55.701603],[12.594726,55.701677],[12.594958,55.702055],[12.594871,55.702541],[12.594874,55.702563],[12.594708,55.702801],[12.596875,55.703282],[12.597749,55.703481],[12.600001,55.705023],[12.600146,55.705123],[12.600308,55.70523],[12.60033,55.705252],[12.600333,55.705272],[12.600325,55.705295],[12.600312,55.705315],[12.600289,55.705329],[12.600273,55.705334],[12.600256,55.705339],[12.600214,55.705348],[12.599827,55.70531],[12.599136,55.704898],[12.597557,55.703929],[12.597004,55.703873],[12.59717,55.704029],[12.597449,55.704057],[12.599398,55.70525],[12.599377,55.705352],[12.599278,55.705342],[12.596579,55.70507],[12.596583,55.705044],[12.596337,55.705022],[12.596333,55.705045],[12.596174,55.705033],[12.596146,55.705046],[12.595417,55.704974],[12.595354,55.704948],[12.595074,55.704922],[12.595078,55.704895],[12.594844,55.704872],[12.594841,55.704897],[12.594841,55.704897],[12.594754,55.70489],[12.594725,55.704904],[12.593802,55.704816],[12.593705,55.704785],[12.593398,55.704756],[12.5934,55.704729],[12.593404,55.704706],[12.593403,55.704706],[12.592542,55.704623],[12.592529,55.704674],[12.592512,55.704776],[12.592491,55.704881],[12.592466,55.704986],[12.592433,55.70509],[12.592393,55.705193],[12.59235,55.705296],[12.592306,55.705398],[12.592258,55.7055],[12.592209,55.705602],[12.592161,55.705704],[12.592115,55.705806],[12.592069,55.705909],[12.592035,55.705982],[12.592646,55.706035],[12.593799,55.70611],[12.593996,55.706128],[12.594524,55.706201],[12.595139,55.706297],[12.595905,55.706368],[12.5967,55.706395],[12.59707,55.706415],[12.597291,55.706431],[12.597503,55.706463],[12.597893,55.706529],[12.598475,55.706624],[12.598678,55.706652],[12.598671,55.706441],[12.598966,55.706437],[12.59897,55.70694],[12.599241,55.706939],[12.599239,55.706909],[12.602175,55.70629],[12.602179,55.706296],[12.602479,55.706232],[12.60248,55.706232],[12.602934,55.706523],[12.603075,55.70673],[12.602518,55.707363],[12.600771,55.707742],[12.600698,55.707585],[12.599712,55.707803],[12.599731,55.707831],[12.598963,55.708],[12.598972,55.708343],[12.598838,55.708377],[12.599278,55.709128],[12.605329,55.708104],[12.60538,55.708047],[12.605409,55.708001],[12.605462,55.707907],[12.605491,55.707861],[12.605515,55.707813],[12.605532,55.707765],[12.605546,55.707716],[12.605555,55.707668],[12.60554,55.707664],[12.60555,55.707522],[12.60555,55.707507],[12.605566,55.707493],[12.605587,55.707482],[12.605609,55.707479],[12.605632,55.707486],[12.605656,55.707498],[12.605673,55.707511],[12.605678,55.707524],[12.605657,55.707668],[12.605595,55.707672],[12.605583,55.707718],[12.60557,55.707764],[12.605555,55.707809],[12.605539,55.707855],[12.605521,55.7079],[12.6055,55.707945],[12.605475,55.707989],[12.605446,55.708033],[12.605412,55.708075],[12.605375,55.708116],[12.605297,55.708198],[12.605213,55.708278],[12.605166,55.708316],[12.605115,55.708352],[12.604916,55.708498],[12.604894,55.708576],[12.603276,55.709766],[12.595422,55.711359],[12.59628,55.712553],[12.597067,55.712384],[12.596996,55.711922],[12.599472,55.711418],[12.599763,55.711872],[12.610432,55.709704],[12.610276,55.709436],[12.61093,55.709303],[12.610954,55.709197],[12.611005,55.709152],[12.611025,55.709108],[12.611012,55.70897],[12.610788,55.708929],[12.610806,55.708898],[12.61142,55.709024],[12.611426,55.709028],[12.611432,55.709032],[12.611437,55.709036],[12.611442,55.70904],[12.611446,55.709045],[12.611449,55.709049],[12.611451,55.709053],[12.611453,55.709058],[12.611454,55.709062],[12.611453,55.709066],[12.611452,55.70907],[12.611449,55.709074],[12.611446,55.709079],[12.611441,55.709083],[12.611436,55.709087],[12.61143,55.709091],[12.611424,55.709095],[12.611417,55.709099],[12.611409,55.709102],[12.611401,55.709103],[12.611392,55.709103],[12.611383,55.709102],[12.611375,55.7091],[12.611366,55.709098],[12.611358,55.709096],[12.611348,55.709093],[12.611338,55.709089],[12.611327,55.709085],[12.61132,55.709081],[12.611353,55.709217],[12.611448,55.709351],[12.611552,55.709483],[12.611671,55.709611],[12.611807,55.709733],[12.611906,55.709779],[12.615731,55.711537],[12.615835,55.71164],[12.615851,55.711774],[12.615787,55.71189],[12.615661,55.711997],[12.615427,55.712081],[12.605922,55.714011],[12.60561,55.714062],[12.603041,55.714608],[12.603033,55.714608],[12.602866,55.714615],[12.602844,55.714613],[12.602825,55.714608],[12.602811,55.714597],[12.602808,55.714585],[12.602808,55.714573],[12.602807,55.714561],[12.602806,55.714548],[12.602806,55.714536],[12.60248,55.713988],[12.602343,55.713787],[12.602124,55.713613],[12.601985,55.713588],[12.601882,55.713616],[12.601692,55.713651],[12.601587,55.713707],[12.601442,55.713769],[12.6012,55.713813],[12.601183,55.713786],[12.600727,55.713925],[12.600783,55.714002],[12.600659,55.714149],[12.600683,55.71418],[12.600533,55.714216],[12.600278,55.713937],[12.599365,55.712521],[12.594775,55.71348],[12.593299,55.713769],[12.592553,55.712681],[12.592544,55.712669],[12.592512,55.712626],[12.592484,55.712582],[12.592459,55.712537],[12.592436,55.712493],[12.592417,55.712447],[12.592401,55.712402],[12.592388,55.712356],[12.592378,55.712309],[12.592371,55.712263],[12.592368,55.712216],[12.592367,55.71217],[12.59237,55.712123],[12.592376,55.712077],[12.592385,55.71203],[12.592398,55.711984],[12.592413,55.711938],[12.592432,55.711893],[12.592453,55.711848],[12.592478,55.711803],[12.592506,55.71176],[12.592537,55.711716],[12.592543,55.711708],[12.593202,55.711016],[12.593628,55.710447],[12.593635,55.710438],[12.59367,55.710387],[12.593703,55.710336],[12.593733,55.710283],[12.59376,55.71023],[12.593783,55.710177],[12.593804,55.710123],[12.593822,55.710069],[12.593836,55.710015],[12.593847,55.70996],[12.593855,55.709906],[12.59386,55.709851],[12.593862,55.709796],[12.59386,55.709741],[12.593855,55.709686],[12.593848,55.709631],[12.593837,55.709576],[12.593822,55.709522],[12.593805,55.709468],[12.593785,55.709414],[12.593761,55.709361],[12.593735,55.709308],[12.593705,55.709256],[12.593672,55.709204],[12.593637,55.709153],[12.593598,55.709102],[12.593556,55.709052],[12.593512,55.709004],[12.593465,55.708955],[12.593415,55.708908],[12.593362,55.708862],[12.593307,55.708817],[12.593249,55.708773],[12.593237,55.708764],[12.591753,55.707781],[12.591551,55.707727],[12.590871,55.707276],[12.590619,55.707253],[12.590622,55.707253],[12.590704,55.707251],[12.590782,55.707245],[12.590817,55.70724],[12.59086,55.707234],[12.590935,55.707219],[12.591007,55.7072],[12.591075,55.707176],[12.591138,55.707149],[12.591196,55.707118],[12.591248,55.707085],[12.591294,55.707048],[12.591314,55.707028],[12.591333,55.707009],[12.591365,55.706968],[12.591389,55.706925],[12.591405,55.706881],[12.591414,55.706836],[12.591414,55.706834],[12.591461,55.705615],[12.591888,55.704499],[12.592108,55.703679],[12.592188,55.702998],[12.588474,55.702063],[12.58901,55.701325],[12.587222,55.700888],[12.586431,55.70065],[12.586379,55.700633],[12.585337,55.700273],[12.584926,55.700079],[12.582961,55.699647],[12.583675,55.698767],[12.581898,55.698681],[12.581262,55.698653],[12.57872,55.698124],[12.578901,55.697818],[12.579357,55.697082],[12.579824,55.696308],[12.580113,55.695901],[12.580389,55.695624],[12.585052,55.693197],[12.586449,55.694113],[12.588573,55.695482],[12.588617,55.695514],[12.590471,55.696824],[12.590557,55.697019],[12.590607,55.697234],[12.590623,55.697355],[12.590498,55.698832],[12.592793,55.699355],[12.593153,55.697218],[12.593268,55.696847],[12.593449,55.696452],[12.593587,55.696255],[12.593835,55.695963],[12.593959,55.695762],[12.594015,55.695668],[12.594022,55.695549],[12.594022,55.695423],[12.593909,55.69526],[12.593501,55.694883],[12.593744,55.694948],[12.593912,55.694947],[12.594036,55.694943],[12.594068,55.694941],[12.594091,55.694938],[12.594103,55.694936],[12.594116,55.694935],[12.594128,55.694933],[12.594137,55.694932],[12.594148,55.69493],[12.594155,55.694929],[12.594161,55.694928],[12.594174,55.694926],[12.594182,55.694924],[12.594193,55.694922],[12.594206,55.69492],[12.594218,55.694917],[12.594227,55.694916],[12.594238,55.694913],[12.594254,55.69491],[12.594271,55.694906],[12.594281,55.694903],[12.594295,55.6949],[12.594308,55.694897],[12.594317,55.694895],[12.594334,55.694891],[12.594351,55.694886],[12.594369,55.694882],[12.594386,55.694877],[12.594403,55.694872],[12.59442,55.694868],[12.594441,55.694862],[12.594461,55.694856],[12.594472,55.694853],[12.594482,55.69485],[12.594502,55.694844],[12.594523,55.694838],[12.594543,55.694832],[12.594583,55.694819],[12.594604,55.694813],[12.594614,55.69481],[12.594624,55.694806],[12.594634,55.694803],[12.594644,55.6948],[12.594655,55.694797],[12.594665,55.694793],[12.594677,55.694789],[12.59469,55.694784],[12.594703,55.69478],[12.594716,55.694775],[12.594728,55.69477],[12.594741,55.694766],[12.594753,55.694761],[12.594766,55.694756],[12.594781,55.69475],[12.594787,55.694748],[12.594801,55.694742],[12.594815,55.694737],[12.594831,55.69473],[12.59484,55.694727],[12.594849,55.694723],[12.594858,55.694719],[12.594866,55.694716],[12.594875,55.694712],[12.594884,55.694708],[12.594902,55.694701],[12.59491,55.694697],[12.594919,55.694694],[12.594936,55.694686],[12.594944,55.694682],[12.594961,55.694675],[12.594979,55.694667],[12.595111,55.694605],[12.595258,55.694522],[12.595376,55.694448],[12.595426,55.694416],[12.595499,55.694359],[12.595544,55.694324],[12.595619,55.694258],[12.595639,55.694239],[12.595702,55.694174],[12.595706,55.694171],[12.595757,55.694113],[12.595815,55.694036],[12.595821,55.694027],[12.595861,55.693955],[12.59589,55.693892],[12.595891,55.693888],[12.595906,55.693831],[12.595913,55.693766],[12.595916,55.693546],[12.595947,55.693546],[12.595948,55.693417],[12.596312,55.693419],[12.596359,55.693547],[12.596391,55.693546],[12.596441,55.693654],[12.596451,55.69367],[12.596502,55.693747],[12.596566,55.693824],[12.596584,55.693846],[12.596645,55.693909],[12.596648,55.693911],[12.596735,55.693988],[12.596773,55.694019],[12.596842,55.69407],[12.596947,55.694141],[12.596959,55.694148],[12.597061,55.694206],[12.597067,55.694209],[12.597187,55.694267],[12.597321,55.694327],[12.597468,55.694384],[12.597603,55.694428],[12.597613,55.694432],[12.597775,55.694486],[12.597981,55.694555],[12.59812,55.694602],[12.598254,55.694646],[12.598411,55.694699],[12.598525,55.694741],[12.598652,55.69479],[12.598724,55.694824],[12.598781,55.694858],[12.59891,55.694936],[12.598933,55.694949],[12.599024,55.694925],[12.59907,55.694911],[12.599125,55.694888],[12.599133,55.694894],[12.599142,55.6949],[12.599151,55.694906],[12.599159,55.694912],[12.599167,55.694918],[12.599176,55.694924],[12.599184,55.694931],[12.599192,55.694937],[12.5992,55.694943],[12.599313,55.69505],[12.599387,55.695136],[12.599495,55.695255],[12.599639,55.695428],[12.599653,55.695445],[12.599804,55.695407],[12.599874,55.69549],[12.600068,55.695441],[12.600135,55.695424],[12.600153,55.695424],[12.600157,55.695426],[12.600502,55.695553],[12.600512,55.695561],[12.600513,55.695565],[12.600514,55.695575],[12.60103,55.701238],[12.601099,55.701997],[12.601218,55.703381],[12.601238,55.703613],[12.601239,55.703617],[12.601249,55.703747]]]]}},{"type":"Feature","properties":{"name":"Lergravsparkens Skole","schoolIds":["101058"]},"geometry":{"type":"MultiPolygon","coordinates":[[[[12.614902,55.667813],[12.615015,55.667771],[12.615621,55.666948],[12.615757,55.666756],[12.615913,55.666467],[12.615958,55.666276],[12.617507,55.664269],[12.617759,55.663943],[12.618005,55.663627],[12.618178,55.66366],[12.618853,55.663775],[12.619669,55.663936],[12.620197,55.663238],[12.622571,55.663701],[12.622904,55.663767],[12.622914,55.66375],[12.624114,55.663987],[12.625557,55.664155],[12.627027,55.664324],[12.629713,55.664613],[12.631747,55.662233],[12.632009,55.662297],[12.634011,55.66288],[12.635473,55.663346],[12.635479,55.66333],[12.635478,55.663109],[12.635405,55.662603],[12.636982,55.662782],[12.636994,55.662824],[12.639367,55.665155],[12.639405,55.665383],[12.639361,55.665416],[12.63935,55.665476],[12.639449,55.665523],[12.639524,55.665513],[12.639594,55.665486],[12.639606,55.665426],[12.639636,55.665333],[12.639545,55.665085],[12.638823,55.664322],[12.638864,55.664275],[12.638996,55.66412],[12.639267,55.66378],[12.639394,55.66362],[12.639916,55.663736],[12.639725,55.664012],[12.64013,55.664102],[12.640148,55.664076],[12.640526,55.66416],[12.640591,55.664067],[12.640545,55.664057],[12.640651,55.663904],[12.640602,55.663893],[12.640653,55.663819],[12.640603,55.663808],[12.64081,55.66351],[12.640115,55.663355],[12.639941,55.663605],[12.639779,55.663569],[12.639725,55.663647],[12.639426,55.66358],[12.640248,55.662546],[12.640359,55.662397],[12.640839,55.661754],[12.640868,55.661715],[12.641305,55.661199],[12.641533,55.660931],[12.641922,55.660527],[12.642203,55.660235],[12.642579,55.6599],[12.643378,55.659185],[12.644405,55.658374],[12.638093,55.657558],[12.636779,55.657353],[12.636494,55.657199],[12.631772,55.656555],[12.629551,55.656253],[12.626281,55.655671],[12.622714,55.654948],[12.619764,55.658343],[12.618733,55.659749],[12.618358,55.660292],[12.617878,55.661041],[12.616438,55.660878],[12.615273,55.660784],[12.614037,55.660528],[12.613206,55.661779],[12.612788,55.661688],[12.61082,55.662054],[12.609374,55.660647],[12.609002,55.660296],[12.608093,55.660907],[12.60802,55.660976],[12.607825,55.661056],[12.607727,55.661112],[12.607593,55.661209],[12.607329,55.661435],[12.607739,55.661629],[12.608784,55.66221],[12.609428,55.662583],[12.610356,55.66292],[12.610416,55.662976],[12.611026,55.663419],[12.610381,55.664117],[12.609879,55.664678],[12.60927,55.665635],[12.611914,55.666178],[12.612397,55.666294],[12.611659,55.667286],[12.6148,55.667967],[12.614902,55.667813]],[[12.628307,55.661964],[12.628099,55.662083],[12.627836,55.662215],[12.627404,55.662341],[12.626895,55.662439],[12.626361,55.662513],[12.624459,55.662753],[12.62436,55.662573],[12.623861,55.662538],[12.624663,55.661508],[12.626526,55.661528],[12.626552,55.66153],[12.626577,55.661532],[12.626603,55.661533],[12.626628,55.661535],[12.626654,55.661537],[12.626679,55.661539],[12.626705,55.661541],[12.62673,55.661543],[12.626755,55.661545],[12.626781,55.661547],[12.626806,55.661549],[12.626831,55.661552],[12.626857,55.661554],[12.626882,55.661557],[12.626907,55.661559],[12.626932,55.661562],[12.626958,55.661564],[12.626983,55.661567],[12.627008,55.66157],[12.627033,55.661573],[12.627058,55.661576],[12.627083,55.661579],[12.627108,55.661582],[12.627133,55.661585],[12.627158,55.661589],[12.627183,55.661592],[12.627208,55.661595],[12.627233,55.661599],[12.627258,55.661602],[12.627283,55.661606],[12.627308,55.661609],[12.627332,55.661613],[12.627357,55.661617],[12.627382,55.661621],[12.627407,55.661625],[12.627431,55.661629],[12.627456,55.661633],[12.62748,55.661637],[12.627505,55.661641],[12.627529,55.661646],[12.627554,55.66165],[12.627578,55.661654],[12.627603,55.661659],[12.627616,55.661661],[12.628503,55.661807],[12.628431,55.661879],[12.628307,55.661964]]]]}},{"type":"Feature","properties":{"name":"Lundehusskolen","schoolIds":["101138"]},"geometry":{"type":"MultiPolygon","coordinates":[[[[12.562537,55.728065],[12.562498,55.727954],[12.562468,55.727855],[12.561701,55.725336],[12.561494,55.724452],[12.561407,55.723867],[12.561355,55.722744],[12.559567,55.722802],[12.557248,55.722876],[12.55546,55.722936],[12.555098,55.722953],[12.555057,55.723036],[12.554728,55.722984],[12.554724,55.722983],[12.554658,55.722973],[12.55464,55.72297],[12.554413,55.722934],[12.554187,55.72339],[12.554162,55.723385],[12.554126,55.723393],[12.554082,55.723417],[12.554046,55.723426],[12.554002,55.723427],[12.553954,55.723416],[12.553819,55.72336],[12.553743,55.723341],[12.553549,55.723373],[12.55332,55.723402],[12.5531,55.72343],[12.553034,55.723445],[12.552916,55.723454],[12.552854,55.723453],[12.55206,55.723433],[12.551954,55.72346],[12.551906,55.723472],[12.551883,55.723478],[12.551848,55.723484],[12.551782,55.723495],[12.551708,55.723508],[12.551707,55.723522],[12.551693,55.723532],[12.551683,55.723539],[12.551672,55.723547],[12.55163,55.723568],[12.551595,55.723582],[12.551526,55.723595],[12.551423,55.723619],[12.551311,55.723645],[12.551272,55.723657],[12.551174,55.723689],[12.550881,55.723752],[12.550875,55.723752],[12.550769,55.723762],[12.550671,55.723757],[12.550578,55.723764],[12.550537,55.723785],[12.550531,55.723788],[12.550438,55.72381],[12.550333,55.72385],[12.550261,55.723856],[12.550222,55.723855],[12.550212,55.723855],[12.550143,55.723853],[12.550044,55.723853],[12.549943,55.723847],[12.549868,55.723833],[12.549788,55.723804],[12.549772,55.723796],[12.549707,55.723758],[12.549677,55.723736],[12.549614,55.723719],[12.54957,55.723697],[12.549548,55.723739],[12.549523,55.723787],[12.549503,55.723826],[12.549496,55.723839],[12.549357,55.723946],[12.54932,55.723931],[12.54917,55.723867],[12.549083,55.72383],[12.549079,55.72383],[12.54907,55.72383],[12.549024,55.72383],[12.548852,55.723827],[12.548804,55.723826],[12.548651,55.72383],[12.548496,55.723833],[12.548287,55.723838],[12.548223,55.723839],[12.547967,55.723845],[12.547946,55.723845],[12.547855,55.723846],[12.547748,55.72385],[12.54768,55.723853],[12.547531,55.723867],[12.547408,55.723877],[12.54727,55.723894],[12.547228,55.723899],[12.547117,55.723916],[12.546963,55.723939],[12.546833,55.723958],[12.546763,55.723971],[12.54658,55.724007],[12.54647,55.724028],[12.546401,55.724041],[12.54632,55.724051],[12.546266,55.724057],[12.546034,55.724084],[12.545975,55.72409],[12.545945,55.724094],[12.545759,55.724113],[12.545591,55.72413],[12.545453,55.724143],[12.545399,55.724147],[12.545304,55.724154],[12.545221,55.724157],[12.545001,55.724166],[12.544881,55.724171],[12.54468,55.724171],[12.544676,55.724171],[12.544562,55.724163],[12.544513,55.724159],[12.544479,55.724156],[12.544476,55.724155],[12.544464,55.724153],[12.544451,55.724152],[12.544439,55.72415],[12.544427,55.724149],[12.544415,55.724147],[12.544403,55.724145],[12.544391,55.724143],[12.544379,55.724141],[12.544367,55.724139],[12.544355,55.724137],[12.544343,55.724135],[12.544331,55.724133],[12.54432,55.724131],[12.544308,55.724128],[12.544296,55.724126],[12.544284,55.724123],[12.544273,55.724121],[12.544261,55.724118],[12.54425,55.724116],[12.544238,55.724113],[12.544227,55.72411],[12.544215,55.724107],[12.544204,55.724104],[12.544193,55.724101],[12.544184,55.724099],[12.544093,55.724075],[12.544024,55.724053],[12.543982,55.724039],[12.543927,55.72402],[12.543843,55.723983],[12.543802,55.723966],[12.543781,55.723955],[12.543756,55.723934],[12.54374,55.723921],[12.543712,55.723882],[12.543662,55.723786],[12.54361,55.723685],[12.543586,55.723636],[12.543557,55.723639],[12.543517,55.723644],[12.543469,55.723649],[12.543446,55.723651],[12.543405,55.723654],[12.543375,55.723657],[12.543322,55.72366],[12.5433,55.723661],[12.543286,55.723662],[12.543267,55.723662],[12.543249,55.723663],[12.543217,55.723664],[12.54314,55.723666],[12.543102,55.723667],[12.543037,55.723668],[12.542433,55.723685],[12.542367,55.723686],[12.542312,55.723688],[12.542266,55.72369],[12.542219,55.723693],[12.542151,55.723698],[12.54206,55.723707],[12.542003,55.723715],[12.541926,55.723726],[12.541847,55.723741],[12.541794,55.723751],[12.541746,55.723761],[12.54168,55.723777],[12.541584,55.723804],[12.54152,55.723824],[12.541474,55.72384],[12.541402,55.723866],[12.54135,55.723887],[12.541304,55.723907],[12.541271,55.723922],[12.541236,55.723939],[12.541234,55.72394],[12.541161,55.723978],[12.541138,55.723991],[12.541055,55.724041],[12.540992,55.724085],[12.540947,55.724119],[12.540888,55.724167],[12.540854,55.7242],[12.540769,55.724291],[12.540688,55.724411],[12.540568,55.724632],[12.540226,55.725195],[12.53995,55.725652],[12.539947,55.725659],[12.539945,55.725667],[12.539943,55.725674],[12.539941,55.725681],[12.539938,55.725688],[12.539935,55.725695],[12.539933,55.725702],[12.53993,55.72571],[12.539927,55.725717],[12.539923,55.725724],[12.53992,55.725731],[12.539917,55.725738],[12.539913,55.725745],[12.539909,55.725752],[12.539906,55.725759],[12.539902,55.725766],[12.539898,55.725773],[12.539894,55.72578],[12.539889,55.725787],[12.539885,55.725794],[12.53988,55.725801],[12.539876,55.725807],[12.539871,55.725814],[12.539866,55.725821],[12.539861,55.725828],[12.539856,55.725835],[12.539851,55.725841],[12.539845,55.725848],[12.53984,55.725855],[12.539834,55.725861],[12.539829,55.725868],[12.539823,55.725874],[12.539817,55.725881],[12.539811,55.725887],[12.539805,55.725894],[12.539799,55.7259],[12.539792,55.725907],[12.539786,55.725913],[12.539779,55.725919],[12.539772,55.725926],[12.539766,55.725932],[12.539759,55.725938],[12.539752,55.725944],[12.539745,55.72595],[12.539737,55.725956],[12.53973,55.725962],[12.539723,55.725968],[12.539715,55.725974],[12.539707,55.72598],[12.5397,55.725986],[12.539692,55.725992],[12.539684,55.725998],[12.539676,55.726004],[12.539668,55.726009],[12.539659,55.726015],[12.539651,55.726021],[12.539643,55.726026],[12.539634,55.726032],[12.539625,55.726037],[12.539617,55.726043],[12.539608,55.726048],[12.539599,55.726053],[12.53959,55.726059],[12.539581,55.726064],[12.539572,55.726069],[12.539562,55.726074],[12.539553,55.726079],[12.539544,55.726084],[12.539534,55.726089],[12.539524,55.726094],[12.539515,55.726099],[12.539505,55.726104],[12.539495,55.726108],[12.539485,55.726113],[12.539475,55.726118],[12.539465,55.726122],[12.539455,55.726127],[12.539444,55.726131],[12.539434,55.726136],[12.539424,55.72614],[12.539413,55.726144],[12.539402,55.726149],[12.539392,55.726153],[12.539383,55.726156],[12.539271,55.726215],[12.539087,55.726257],[12.538761,55.726334],[12.540181,55.722718],[12.540239,55.722598],[12.54046,55.721998],[12.54074,55.721469],[12.540917,55.721168],[12.541159,55.720793],[12.541595,55.720208],[12.541898,55.719817],[12.542014,55.719671],[12.543488,55.717842],[12.545291,55.715432],[12.546116,55.714356],[12.546119,55.714352],[12.546156,55.714304],[12.546192,55.714255],[12.546227,55.714206],[12.54626,55.714156],[12.546293,55.714107],[12.546325,55.714057],[12.546355,55.714007],[12.546384,55.713957],[12.546413,55.713907],[12.54644,55.713856],[12.546466,55.713805],[12.546491,55.713754],[12.546515,55.713703],[12.546538,55.713652],[12.546559,55.713601],[12.54658,55.713549],[12.546599,55.713497],[12.546618,55.713446],[12.546635,55.713394],[12.546651,55.713342],[12.546666,55.713289],[12.54668,55.713237],[12.546693,55.713185],[12.546704,55.713132],[12.546715,55.71308],[12.546724,55.713027],[12.546732,55.712975],[12.546739,55.712922],[12.546745,55.712869],[12.546749,55.712816],[12.546752,55.712781],[12.546752,55.71278],[12.546753,55.712773],[12.546755,55.712766],[12.546756,55.71276],[12.546758,55.712753],[12.546759,55.712746],[12.546761,55.71274],[12.546763,55.712733],[12.546765,55.712726],[12.546767,55.71272],[12.546769,55.712713],[12.546772,55.712706],[12.546774,55.7127],[12.546777,55.712693],[12.54678,55.712686],[12.546783,55.71268],[12.546786,55.712673],[12.546789,55.712667],[12.546792,55.71266],[12.546796,55.712654],[12.546799,55.712647],[12.546803,55.712641],[12.546807,55.712634],[12.54681,55.712628],[12.546814,55.712621],[12.546819,55.712615],[12.546823,55.712609],[12.546827,55.712602],[12.546832,55.712596],[12.546836,55.71259],[12.546841,55.712584],[12.546846,55.712577],[12.546851,55.712571],[12.546856,55.712565],[12.546861,55.712559],[12.546866,55.712553],[12.546872,55.712547],[12.546877,55.712541],[12.546883,55.712535],[12.546892,55.712529],[12.546909,55.712519],[12.546926,55.712508],[12.546943,55.712498],[12.54696,55.712487],[12.546977,55.712477],[12.546994,55.712467],[12.547012,55.712457],[12.547029,55.712447],[12.547047,55.712437],[12.547064,55.712427],[12.547082,55.712417],[12.5471,55.712407],[12.547118,55.712397],[12.547136,55.712387],[12.547154,55.712377],[12.547172,55.712368],[12.54719,55.712358],[12.547209,55.712348],[12.547227,55.712339],[12.547246,55.712329],[12.547264,55.71232],[12.547283,55.71231],[12.547302,55.712301],[12.547321,55.712292],[12.547339,55.712283],[12.547359,55.712273],[12.547378,55.712264],[12.547397,55.712255],[12.547416,55.712246],[12.547435,55.712237],[12.547455,55.712228],[12.547474,55.712219],[12.547494,55.712211],[12.547514,55.712202],[12.547533,55.712193],[12.547553,55.712185],[12.547573,55.712176],[12.547593,55.712168],[12.547613,55.712159],[12.547633,55.712151],[12.547653,55.712142],[12.547674,55.712134],[12.547694,55.712126],[12.547714,55.712118],[12.547735,55.71211],[12.547756,55.712102],[12.547776,55.712094],[12.547797,55.712086],[12.547818,55.712078],[12.547839,55.71207],[12.547859,55.712062],[12.54788,55.712055],[12.547902,55.712047],[12.547923,55.712039],[12.547944,55.712032],[12.547965,55.712024],[12.547987,55.712017],[12.548008,55.71201],[12.548029,55.712002],[12.548051,55.711995],[12.548073,55.711988],[12.548094,55.711981],[12.548116,55.711974],[12.548138,55.711967],[12.54816,55.71196],[12.548181,55.711953],[12.548203,55.711947],[12.548225,55.71194],[12.548248,55.711933],[12.54827,55.711927],[12.548292,55.71192],[12.548314,55.711914],[12.548337,55.711907],[12.548359,55.711901],[12.548381,55.711895],[12.548404,55.711889],[12.548426,55.711883],[12.548449,55.711877],[12.548472,55.711871],[12.548494,55.711865],[12.548517,55.711859],[12.54854,55.711853],[12.548563,55.711847],[12.548586,55.711842],[12.548609,55.711836],[12.548632,55.71183],[12.548655,55.711825],[12.548678,55.71182],[12.548701,55.711814],[12.548724,55.711809],[12.548748,55.711804],[12.548771,55.711799],[12.548794,55.711794],[12.548818,55.711789],[12.548841,55.711784],[12.548865,55.711779],[12.548888,55.711774],[12.548912,55.711769],[12.548935,55.711765],[12.548959,55.71176],[12.548983,55.711756],[12.549007,55.711751],[12.54903,55.711747],[12.549054,55.711742],[12.549078,55.711738],[12.549102,55.711734],[12.549126,55.71173],[12.54915,55.711726],[12.549174,55.711722],[12.549198,55.711718],[12.549222,55.711714],[12.549246,55.71171],[12.54927,55.711707],[12.549294,55.711703],[12.549319,55.711699],[12.549343,55.711696],[12.549367,55.711693],[12.549391,55.711689],[12.549416,55.711686],[12.54944,55.711683],[12.549465,55.71168],[12.549489,55.711677],[12.549513,55.711674],[12.549538,55.711671],[12.549562,55.711668],[12.549587,55.711665],[12.549611,55.711662],[12.549636,55.71166],[12.549661,55.711657],[12.549685,55.711655],[12.54971,55.711652],[12.549735,55.71165],[12.549759,55.711647],[12.549784,55.711645],[12.549809,55.711643],[12.549834,55.711641],[12.549858,55.711639],[12.549883,55.711637],[12.549908,55.711635],[12.549933,55.711633],[12.549957,55.711632],[12.549982,55.71163],[12.550007,55.711628],[12.550032,55.711627],[12.550057,55.711625],[12.550082,55.711624],[12.550107,55.711623],[12.550132,55.711622],[12.550157,55.71162],[12.550182,55.711619],[12.550207,55.711618],[12.550232,55.711617],[12.550257,55.711617],[12.550306,55.711615],[12.550381,55.711613],[12.550507,55.711612],[12.550579,55.711612],[12.550632,55.711612],[12.550682,55.711613],[12.550732,55.711614],[12.550782,55.711615],[12.550832,55.711616],[12.550882,55.711618],[12.550981,55.711623],[12.551031,55.711625],[12.551106,55.71163],[12.551156,55.711633],[12.551205,55.711637],[12.551279,55.711643],[12.551323,55.711647],[12.551354,55.711649],[12.551395,55.711654],[12.551428,55.711657],[12.551501,55.711665],[12.551527,55.711668],[12.551575,55.711673],[12.551627,55.71168],[12.551673,55.711686],[12.551721,55.711692],[12.551818,55.711706],[12.551866,55.711714],[12.551939,55.711725],[12.55201,55.711738],[12.552034,55.711742],[12.552058,55.711746],[12.552082,55.711751],[12.552109,55.711756],[12.552153,55.711764],[12.5522,55.711774],[12.55224,55.711782],[12.552271,55.711788],[12.552294,55.711793],[12.552317,55.711798],[12.552341,55.711803],[12.55241,55.711819],[12.552434,55.711824],[12.553084,55.711434],[12.553845,55.710977],[12.554427,55.710609],[12.55444,55.7106],[12.554494,55.710562],[12.554548,55.710523],[12.5546,55.710484],[12.554652,55.710445],[12.554703,55.710405],[12.554753,55.710364],[12.554801,55.710324],[12.554849,55.710283],[12.554896,55.710242],[12.554942,55.7102],[12.554987,55.710158],[12.555031,55.710116],[12.555074,55.710073],[12.555116,55.71003],[12.555157,55.709987],[12.555197,55.709943],[12.555236,55.709899],[12.555274,55.709855],[12.555311,55.709811],[12.555347,55.709766],[12.555382,55.709721],[12.555416,55.709676],[12.555448,55.70963],[12.55548,55.709584],[12.555706,55.709138],[12.556336,55.707965],[12.556366,55.707746],[12.559449,55.709483],[12.559461,55.70949],[12.559517,55.709523],[12.559577,55.709556],[12.559638,55.709587],[12.559701,55.709617],[12.559767,55.709645],[12.559834,55.709672],[12.559903,55.709697],[12.559974,55.709721],[12.560047,55.709744],[12.56012,55.709764],[12.560196,55.709783],[12.560272,55.709801],[12.560305,55.709808],[12.561025,55.709953],[12.560938,55.710104],[12.560013,55.711958],[12.559994,55.71201],[12.559976,55.712062],[12.559961,55.712115],[12.559947,55.712168],[12.559936,55.712221],[12.559927,55.712273],[12.559926,55.712277],[12.55987,55.712585],[12.559675,55.713056],[12.558933,55.714423],[12.558576,55.715134],[12.55903,55.715447],[12.559168,55.715542],[12.559278,55.715618],[12.559798,55.715979],[12.560429,55.716414],[12.560736,55.716625],[12.561063,55.71685],[12.562016,55.717503],[12.562652,55.717938],[12.562952,55.71815],[12.563279,55.71838],[12.564444,55.719276],[12.564456,55.719286],[12.565,55.719737],[12.565187,55.719905],[12.565263,55.71997],[12.565782,55.72045],[12.566285,55.720937],[12.56658,55.721226],[12.566782,55.721424],[12.567259,55.721911],[12.567433,55.722134],[12.56755,55.722289],[12.567571,55.722315],[12.567658,55.722454],[12.567721,55.72257],[12.567767,55.722649],[12.567832,55.722756],[12.567977,55.723047],[12.568022,55.723156],[12.568097,55.723317],[12.568035,55.724805],[12.568035,55.724868],[12.568035,55.724868],[12.568276,55.724853],[12.568349,55.724851],[12.568257,55.725742],[12.567709,55.72734],[12.567689,55.727393],[12.567645,55.72751],[12.567601,55.727629],[12.567543,55.727639],[12.567328,55.728348],[12.567272,55.728532],[12.567228,55.728565],[12.567027,55.728714],[12.566812,55.728874],[12.566738,55.72912],[12.566664,55.729367],[12.566589,55.729615],[12.566523,55.729834],[12.566514,55.729861],[12.566452,55.730066],[12.566395,55.730256],[12.566346,55.730418],[12.566304,55.730554],[12.566253,55.730724],[12.566117,55.731176],[12.566082,55.731291],[12.565207,55.731412],[12.564798,55.731469],[12.564211,55.731513],[12.56413,55.731519],[12.563637,55.731536],[12.563372,55.730705],[12.562847,55.729035],[12.56257,55.728175],[12.562537,55.728065]]]]}},{"type":"Feature","properties":{"name":"Lykkebo Skole","schoolIds":["281981"]},"geometry":{"type":"MultiPolygon","coordinates":[[[[12.478568,55.664273],[12.478542,55.664026],[12.478315,55.663787],[12.478243,55.663692],[12.478175,55.663538],[12.478158,55.663071],[12.478124,55.662381],[12.478111,55.662159],[12.478111,55.662124],[12.478109,55.661961],[12.47799,55.661541],[12.477833,55.661075],[12.477525,55.66042],[12.477389,55.660001],[12.477386,55.659926],[12.477343,55.65962],[12.477306,55.659139],[12.47732,55.658714],[12.477554,55.657708],[12.477811,55.657247],[12.477887,55.657058],[12.478174,55.656759],[12.478411,55.656482],[12.478785,55.656147],[12.480102,55.655204],[12.480846,55.654653],[12.481655,55.654096],[12.48228,55.654118],[12.482607,55.654047],[12.483076,55.653906],[12.48345,55.653735],[12.483853,55.653461],[12.485246,55.65247],[12.486162,55.651949],[12.486367,55.65204],[12.486371,55.652042],[12.486432,55.652076],[12.486485,55.652114],[12.48653,55.652156],[12.486566,55.6522],[12.486593,55.652246],[12.486609,55.652293],[12.48663,55.652698],[12.488363,55.652696],[12.487805,55.653385],[12.490661,55.654036],[12.49339,55.654668],[12.495022,55.655037],[12.497647,55.655637],[12.500613,55.656318],[12.501479,55.654603],[12.5029,55.65481],[12.503699,55.655789],[12.505572,55.655303],[12.505913,55.65543],[12.506345,55.655989],[12.506451,55.65625],[12.506581,55.656374],[12.506663,55.656442],[12.507169,55.656261],[12.507567,55.656133],[12.508482,55.655793],[12.508682,55.655712],[12.508867,55.65563],[12.508949,55.655577],[12.509109,55.655513],[12.509516,55.655352],[12.509883,55.655206],[12.51002,55.655152],[12.510032,55.655147],[12.510466,55.654938],[12.510621,55.654863],[12.510637,55.654873],[12.510695,55.654846],[12.510723,55.654833],[12.510994,55.654699],[12.511011,55.654719],[12.511388,55.655145],[12.511283,55.655185],[12.510807,55.655367],[12.509979,55.655682],[12.509353,55.655916],[12.509148,55.655993],[12.508825,55.656119],[12.507915,55.656473],[12.507621,55.656589],[12.50667,55.656958],[12.50534,55.657466],[12.504903,55.657631],[12.504745,55.657693],[12.504457,55.657805],[12.503452,55.658195],[12.502691,55.658488],[12.501963,55.658764],[12.501297,55.659017],[12.499996,55.659526],[12.49939,55.659766],[12.498849,55.659993],[12.498104,55.660285],[12.49736,55.660577],[12.496978,55.660752],[12.496305,55.661066],[12.495101,55.661656],[12.495027,55.661692],[12.494978,55.661723],[12.494916,55.661764],[12.494856,55.661806],[12.494797,55.661849],[12.494768,55.66187],[12.49474,55.661892],[12.494684,55.661936],[12.494631,55.66198],[12.494578,55.662025],[12.494528,55.662071],[12.494504,55.662094],[12.494479,55.662117],[12.494432,55.662164],[12.494387,55.662212],[12.494344,55.66226],[12.494303,55.662308],[12.494263,55.662357],[12.494225,55.662407],[12.494189,55.662457],[12.494155,55.662507],[12.494123,55.662558],[12.494093,55.662609],[12.494065,55.662661],[12.494038,55.662712],[12.494014,55.662765],[12.493992,55.662817],[12.493971,55.66287],[12.493953,55.662923],[12.493936,55.662976],[12.493922,55.663029],[12.49391,55.663082],[12.493899,55.663136],[12.493891,55.66319],[12.493884,55.663244],[12.49388,55.663297],[12.493878,55.663405],[12.49388,55.663459],[12.493889,55.663567],[12.493897,55.663621],[12.493907,55.663674],[12.493919,55.663728],[12.493933,55.663781],[12.493949,55.663834],[12.493967,55.663887],[12.493987,55.66394],[12.494015,55.663978],[12.494029,55.664119],[12.4831,55.664228],[12.478568,55.664273]]]]}},{"type":"Feature","properties":{"name":"Nordøstamager Skole","schoolIds":["281053"]},"geometry":{"type":"MultiPolygon","coordinates":[[[[12.62436,55.662573],[12.624459,55.662753],[12.626361,55.662513],[12.626895,55.662439],[12.627404,55.662341],[12.627836,55.662215],[12.628099,55.662083],[12.628307,55.661964],[12.628431,55.661879],[12.628503,55.661807],[12.627616,55.661661],[12.627603,55.661659],[12.627578,55.661654],[12.627554,55.66165],[12.627529,55.661646],[12.627505,55.661641],[12.62748,55.661637],[12.627456,55.661633],[12.627431,55.661629],[12.627407,55.661625],[12.627382,55.661621],[12.627357,55.661617],[12.627332,55.661613],[12.627308,55.661609],[12.627283,55.661606],[12.627258,55.661602],[12.627233,55.661599],[12.627208,55.661595],[12.627183,55.661592],[12.627158,55.661589],[12.627133,55.661585],[12.627108,55.661582],[12.627083,55.661579],[12.627058,55.661576],[12.627033,55.661573],[12.627008,55.66157],[12.626983,55.661567],[12.626958,55.661564],[12.626932,55.661562],[12.626907,55.661559],[12.626882,55.661557],[12.626857,55.661554],[12.626831,55.661552],[12.626806,55.661549],[12.626781,55.661547],[12.626755,55.661545],[12.62673,55.661543],[12.626705,55.661541],[12.626679,55.661539],[12.626654,55.661537],[12.626628,55.661535],[12.626603,55.661533],[12.626577,55.661532],[12.626552,55.66153],[12.626526,55.661528],[12.624663,55.661508],[12.623861,55.662538],[12.62436,55.662573]]],[[[12.626407,55.689748],[12.626522,55.689771],[12.627412,55.689574],[12.628157,55.688917],[12.628394,55.68899],[12.628444,55.689002],[12.628449,55.689003],[12.628501,55.689014],[12.628539,55.68902],[12.628589,55.689023],[12.628616,55.68902],[12.628646,55.689014],[12.628731,55.688989],[12.628757,55.689012],[12.628902,55.689139],[12.629526,55.68936],[12.629523,55.689362],[12.632859,55.690534],[12.635941,55.687759],[12.634651,55.687301],[12.628934,55.685293],[12.628458,55.685126],[12.628473,55.685085],[12.628484,55.685034],[12.628427,55.685009],[12.628391,55.684998],[12.628336,55.684998],[12.626855,55.684491],[12.626831,55.684492],[12.626745,55.684467],[12.626404,55.684105],[12.626235,55.684156],[12.626165,55.684128],[12.626092,55.68414],[12.625934,55.684133],[12.62589,55.68413],[12.625824,55.684119],[12.625761,55.684104],[12.625712,55.684087],[12.625242,55.683922],[12.625012,55.683842],[12.624955,55.683821],[12.624901,55.683797],[12.624853,55.68377],[12.62481,55.683743],[12.624726,55.683683],[12.62464,55.683622],[12.62437,55.68345],[12.622725,55.682352],[12.622637,55.682288],[12.622518,55.682204],[12.622453,55.68216],[12.622426,55.682142],[12.622389,55.682117],[12.622333,55.68208],[12.622204,55.682001],[12.622141,55.68196],[12.622116,55.681937],[12.622094,55.681913],[12.622074,55.681888],[12.622053,55.681864],[12.622028,55.681841],[12.621999,55.68182],[12.621965,55.681801],[12.621894,55.681764],[12.621826,55.681726],[12.621742,55.681661],[12.621715,55.681638],[12.621685,55.681617],[12.621651,55.681598],[12.621578,55.681563],[12.621543,55.681545],[12.621512,55.681525],[12.621485,55.681502],[12.621461,55.681479],[12.621436,55.681456],[12.621409,55.681434],[12.621377,55.681414],[12.621343,55.681395],[12.621238,55.681339],[12.621205,55.68132],[12.621174,55.681299],[12.621117,55.681256],[12.621061,55.681212],[12.621032,55.681191],[12.621002,55.68117],[12.620971,55.681149],[12.620938,55.681129],[12.620878,55.681095],[12.620764,55.681037],[12.621502,55.680214],[12.621474,55.680169],[12.6212,55.680076],[12.620966,55.680297],[12.620246,55.680094],[12.620501,55.679846],[12.620591,55.679768],[12.620783,55.679576],[12.621491,55.679791],[12.621281,55.68],[12.621557,55.680088],[12.621646,55.680052],[12.627151,55.673758],[12.627182,55.673722],[12.627261,55.673739],[12.62734,55.673664],[12.627212,55.673623],[12.62872,55.672044],[12.628755,55.672023],[12.628803,55.672042],[12.62885,55.672041],[12.628917,55.672027],[12.628923,55.672024],[12.628971,55.671995],[12.629199,55.671818],[12.629387,55.671665],[12.629562,55.671539],[12.629751,55.671407],[12.629925,55.67128],[12.630161,55.671138],[12.630534,55.670935],[12.630923,55.670972],[12.631335,55.671014],[12.63157,55.671039],[12.631836,55.671063],[12.632003,55.671093],[12.632208,55.671139],[12.63237,55.671186],[12.632489,55.671228],[12.632621,55.671262],[12.632753,55.671311],[12.632872,55.671367],[12.633006,55.671437],[12.633153,55.67153],[12.633262,55.671623],[12.633371,55.671716],[12.633456,55.671839],[12.633498,55.671889],[12.633514,55.671947],[12.633504,55.671991],[12.63342,55.672053],[12.632715,55.672542],[12.631952,55.673079],[12.631087,55.673691],[12.630852,55.673859],[12.630678,55.673974],[12.630653,55.673995],[12.630627,55.674015],[12.630601,55.674036],[12.630576,55.674056],[12.63055,55.674077],[12.630524,55.674097],[12.630499,55.674118],[12.630473,55.674138],[12.630448,55.674159],[12.630422,55.674179],[12.630397,55.6742],[12.630377,55.674222],[12.630363,55.674246],[12.630347,55.67427],[12.630328,55.674293],[12.630307,55.674315],[12.630286,55.674337],[12.630266,55.674359],[12.630245,55.674382],[12.630225,55.674404],[12.630205,55.674426],[12.630185,55.674449],[12.630166,55.674471],[12.630147,55.674494],[12.63013,55.674517],[12.630114,55.674541],[12.630097,55.674564],[12.630078,55.674587],[12.630057,55.674609],[12.630036,55.674631],[12.630014,55.674653],[12.629994,55.674675],[12.629975,55.674698],[12.629957,55.674721],[12.629938,55.674744],[12.62992,55.674766],[12.6299,55.674789],[12.62988,55.674811],[12.62986,55.674834],[12.629839,55.674856],[12.629818,55.674878],[12.629798,55.6749],[12.629777,55.674923],[12.629757,55.674945],[12.629738,55.674968],[12.62972,55.674991],[12.629702,55.675014],[12.629685,55.675037],[12.629666,55.675059],[12.629645,55.675082],[12.629624,55.675104],[12.629603,55.675126],[12.629581,55.675148],[12.62956,55.67517],[12.629538,55.675192],[12.629517,55.675214],[12.629496,55.675236],[12.629475,55.675258],[12.629454,55.67528],[12.629433,55.675302],[12.629413,55.675324],[12.629371,55.675369],[12.62935,55.675391],[12.624986,55.680406],[12.624974,55.680424],[12.624964,55.680443],[12.624957,55.680462],[12.624952,55.680481],[12.624951,55.6805],[12.624952,55.680519],[12.624959,55.680539],[12.624975,55.680556],[12.627336,55.682115],[12.629907,55.683041],[12.629972,55.683072],[12.630038,55.683102],[12.630108,55.683129],[12.630179,55.683154],[12.630251,55.683179],[12.630323,55.683204],[12.630396,55.683228],[12.630469,55.683252],[12.630541,55.683276],[12.630612,55.683303],[12.630681,55.68333],[12.630752,55.683356],[12.630824,55.683381],[12.630895,55.683406],[12.630967,55.683432],[12.631037,55.683458],[12.631108,55.683484],[12.631179,55.68351],[12.631252,55.683534],[12.631326,55.683557],[12.631401,55.683579],[12.631479,55.683597],[12.631552,55.683621],[12.631622,55.683647],[12.631692,55.683674],[12.631763,55.6837],[12.631834,55.683725],[12.631905,55.683751],[12.631974,55.683779],[12.632044,55.683805],[12.632118,55.683829],[12.632192,55.683851],[12.632213,55.683862],[12.632234,55.683873],[12.632255,55.683883],[12.632276,55.683893],[12.632297,55.683903],[12.63232,55.683912],[12.632343,55.683921],[12.632366,55.683929],[12.63239,55.683937],[12.632414,55.683946],[12.632438,55.683954],[12.632462,55.683962],[12.632486,55.68397],[12.63251,55.683978],[12.632534,55.683985],[12.632558,55.683993],[12.632582,55.684002],[12.632605,55.68401],[12.632629,55.684018],[12.632653,55.684026],[12.632677,55.684034],[12.6327,55.684042],[12.632724,55.684051],[12.632748,55.684059],[12.632771,55.684067],[12.632795,55.684075],[12.632819,55.684084],[12.632842,55.684092],[12.632866,55.6841],[12.63289,55.684108],[12.632913,55.684117],[12.632937,55.684125],[12.63296,55.684134],[12.632984,55.684142],[12.633007,55.68415],[12.633031,55.684159],[12.633054,55.684167],[12.633078,55.684176],[12.633101,55.684184],[12.633123,55.684193],[12.633146,55.684202],[12.633169,55.684212],[12.633192,55.684221],[12.633214,55.68423],[12.633237,55.684239],[12.633261,55.684247],[12.633284,55.684255],[12.633309,55.684263],[12.633334,55.68427],[12.633359,55.684276],[12.633385,55.684282],[12.633411,55.684288],[12.633436,55.684295],[12.633461,55.684301],[12.633486,55.684309],[12.63351,55.684317],[12.633534,55.684325],[12.633557,55.684333],[12.633581,55.684341],[12.633628,55.684358],[12.633651,55.684367],[12.633675,55.684375],[12.633699,55.684383],[12.633723,55.684391],[12.633747,55.684399],[12.633771,55.684407],[12.633795,55.684415],[12.633819,55.684423],[12.633843,55.684431],[12.633891,55.684447],[12.633915,55.684455],[12.633938,55.684463],[12.633962,55.684471],[12.633986,55.684479],[12.634009,55.684488],[12.634033,55.684496],[12.634056,55.684504],[12.63408,55.684513],[12.634103,55.684521],[12.634127,55.68453],[12.63415,55.684538],[12.634174,55.684546],[12.634197,55.684555],[12.634221,55.684563],[12.634245,55.684572],[12.634268,55.68458],[12.634291,55.684589],[12.634315,55.684597],[12.634338,55.684606],[12.634361,55.684614],[12.634385,55.684623],[12.634408,55.684631],[12.634432,55.684639],[12.634456,55.684647],[12.63448,55.684655],[12.634504,55.684663],[12.634529,55.68467],[12.634554,55.684677],[12.634578,55.684685],[12.634602,55.684692],[12.634626,55.6847],[12.63465,55.684709],[12.634673,55.684717],[12.634697,55.684726],[12.63472,55.684734],[12.634743,55.684743],[12.634766,55.684752],[12.634789,55.684761],[12.634812,55.684769],[12.634836,55.684778],[12.634859,55.684787],[12.634882,55.684795],[12.634906,55.684804],[12.634929,55.684812],[12.634952,55.684821],[12.634976,55.684829],[12.634999,55.684838],[12.635023,55.684846],[12.635046,55.684855],[12.635069,55.684863],[12.635092,55.684872],[12.635115,55.684881],[12.635138,55.68489],[12.63516,55.684899],[12.635183,55.684908],[12.635206,55.684917],[12.63523,55.684925],[12.635254,55.684933],[12.635278,55.684941],[12.635303,55.684948],[12.635328,55.684955],[12.635353,55.684962],[12.635378,55.684969],[12.635403,55.684976],[12.635428,55.684982],[12.635453,55.684989],[12.635478,55.684997],[12.635502,55.685004],[12.635527,55.685011],[12.635552,55.685018],[12.635578,55.685025],[12.635607,55.685029],[12.635633,55.685025],[12.635653,55.685015],[12.635668,55.685002],[12.63568,55.684986],[12.635687,55.684971],[12.6357,55.684924],[12.635741,55.684849],[12.635753,55.684831],[12.635764,55.684815],[12.635867,55.684692],[12.635925,55.68462],[12.63596,55.684577],[12.635971,55.684563],[12.635983,55.684548],[12.635994,55.684534],[12.636006,55.68452],[12.636017,55.684505],[12.636028,55.684491],[12.636039,55.684477],[12.63605,55.684462],[12.636061,55.684448],[12.636072,55.684433],[12.636085,55.684419],[12.636099,55.684406],[12.636114,55.684393],[12.63613,55.68438],[12.636146,55.684367],[12.636162,55.684353],[12.636174,55.68434],[12.636186,55.684326],[12.636196,55.684311],[12.636206,55.684297],[12.636216,55.684281],[12.636224,55.684267],[12.636234,55.684252],[12.636243,55.684237],[12.636255,55.684223],[12.636266,55.684209],[12.636278,55.684195],[12.636291,55.684181],[12.636303,55.684167],[12.636316,55.684153],[12.636329,55.684139],[12.636341,55.684125],[12.636354,55.684111],[12.636366,55.684096],[12.636378,55.684082],[12.636389,55.684068],[12.636401,55.684054],[12.636413,55.684039],[12.636424,55.684025],[12.636436,55.68401],[12.636447,55.683996],[12.636458,55.683982],[12.63647,55.683967],[12.636481,55.683953],[12.636492,55.683938],[12.636503,55.683924],[12.636514,55.68391],[12.636536,55.683881],[12.636547,55.683866],[12.63658,55.683823],[12.636602,55.683794],[12.636613,55.68378],[12.636623,55.683765],[12.636633,55.683751],[12.636654,55.683721],[12.636664,55.683707],[12.636674,55.683692],[12.636683,55.683677],[12.636691,55.683662],[12.636698,55.683647],[12.636706,55.683632],[12.636714,55.683617],[12.636724,55.683602],[12.636736,55.683588],[12.636747,55.683573],[12.636759,55.683559],[12.63677,55.683545],[12.636782,55.683531],[12.636793,55.683516],[12.636804,55.683502],[12.636815,55.683487],[12.636826,55.683473],[12.636837,55.683458],[12.636848,55.683444],[12.636859,55.68343],[12.637157,55.683612],[12.637186,55.68363],[12.638764,55.684594],[12.638682,55.684673],[12.638733,55.68469],[12.637734,55.685585],[12.637701,55.685595],[12.637678,55.6856],[12.637656,55.685608],[12.637646,55.685622],[12.637647,55.685636],[12.637655,55.685649],[12.637675,55.685661],[12.637698,55.685667],[12.637722,55.68567],[12.637747,55.68567],[12.637771,55.685663],[12.637788,55.685652],[12.637796,55.685639],[12.637797,55.685625],[12.637788,55.685611],[12.637772,55.685599],[12.637752,55.685591],[12.638752,55.684699],[12.63881,55.684716],[12.639224,55.684338],[12.639165,55.684311],[12.640162,55.683416],[12.640188,55.683419],[12.640213,55.683416],[12.640236,55.683409],[12.640256,55.683396],[12.640269,55.683383],[12.640273,55.683369],[12.640268,55.683355],[12.640252,55.683341],[12.640226,55.683333],[12.6402,55.683332],[12.640177,55.683338],[12.640155,55.683346],[12.640135,55.683358],[12.640123,55.683371],[12.640122,55.683386],[12.640133,55.6834],[12.639136,55.684303],[12.639105,55.684293],[12.638918,55.684455],[12.638678,55.68438],[12.637249,55.683498],[12.636931,55.683293],[12.636971,55.683251],[12.63701,55.683209],[12.637053,55.683168],[12.637099,55.683128],[12.63714,55.683087],[12.637173,55.683042],[12.637203,55.682998],[12.637234,55.682956],[12.637245,55.682941],[12.637255,55.682926],[12.637326,55.682814],[12.637416,55.682693],[12.63747,55.682621],[12.637507,55.682572],[12.6376,55.682451],[12.637695,55.682331],[12.637781,55.682209],[12.639164,55.680416],[12.639458,55.680416],[12.63959,55.680473],[12.639608,55.680479],[12.63963,55.680481],[12.639651,55.680479],[12.63967,55.680474],[12.639686,55.680467],[12.639701,55.680459],[12.639713,55.68045],[12.639722,55.68044],[12.63973,55.680429],[12.639733,55.680417],[12.639732,55.680405],[12.639725,55.680394],[12.639714,55.680384],[12.6397,55.680376],[12.639685,55.680369],[12.639668,55.680362],[12.638555,55.680309],[12.638518,55.680287],[12.63842,55.680272],[12.638323,55.680255],[12.638226,55.680239],[12.63813,55.680222],[12.638033,55.680204],[12.637937,55.680186],[12.637841,55.680168],[12.637745,55.68015],[12.637649,55.680131],[12.637553,55.680113],[12.637456,55.680097],[12.637359,55.68008],[12.637263,55.680062],[12.637169,55.680041],[12.637077,55.680017],[12.636987,55.679991],[12.636975,55.679988],[12.636964,55.679986],[12.636952,55.679984],[12.636941,55.679982],[12.636929,55.67998],[12.636918,55.679977],[12.636906,55.679975],[12.636894,55.679973],[12.636883,55.679971],[12.636871,55.679969],[12.63686,55.679967],[12.636848,55.679964],[12.636837,55.679962],[12.636825,55.67996],[12.636814,55.679958],[12.636802,55.679956],[12.636791,55.679954],[12.636779,55.679951],[12.636767,55.679949],[12.636756,55.679947],[12.636744,55.679945],[12.636733,55.679943],[12.636721,55.679941],[12.63671,55.679938],[12.636698,55.679936],[12.636687,55.679934],[12.636675,55.679932],[12.636663,55.67993],[12.636652,55.679928],[12.63664,55.679925],[12.636629,55.679923],[12.636617,55.679921],[12.636606,55.679919],[12.636594,55.679916],[12.636583,55.679914],[12.636572,55.679911],[12.636561,55.679909],[12.63655,55.679906],[12.636538,55.679903],[12.636527,55.6799],[12.636516,55.679897],[12.636505,55.679894],[12.636494,55.679891],[12.636484,55.679888],[12.636473,55.679885],[12.636462,55.679882],[12.636451,55.679879],[12.63644,55.679876],[12.636429,55.679873],[12.636418,55.67987],[12.636407,55.679867],[12.636396,55.679864],[12.636384,55.679861],[12.636373,55.679859],[12.636362,55.679856],[12.636351,55.679853],[12.636339,55.679851],[12.636328,55.679849],[12.636316,55.679847],[12.636305,55.679844],[12.636293,55.679842],[12.636282,55.67984],[12.63627,55.679838],[12.636259,55.679836],[12.636247,55.679834],[12.636235,55.679832],[12.636224,55.679829],[12.636212,55.679827],[12.636201,55.679825],[12.636189,55.679823],[12.636178,55.679821],[12.636166,55.679819],[12.636154,55.679817],[12.636143,55.679815],[12.636131,55.679812],[12.63612,55.67981],[12.636108,55.679808],[12.636096,55.679806],[12.636085,55.679804],[12.636073,55.679802],[12.636062,55.6798],[12.63605,55.679798],[12.636039,55.679796],[12.636027,55.679793],[12.636015,55.679791],[12.636004,55.679789],[12.635992,55.679787],[12.635981,55.679785],[12.635969,55.679783],[12.635957,55.679781],[12.635946,55.679779],[12.635934,55.679777],[12.635923,55.679775],[12.635911,55.679773],[12.635899,55.679771],[12.635888,55.679768],[12.635876,55.679766],[12.635865,55.679764],[12.635853,55.679762],[12.635841,55.67976],[12.63583,55.679758],[12.635818,55.679756],[12.635807,55.679754],[12.635795,55.679752],[12.635783,55.67975],[12.635772,55.679747],[12.63576,55.679745],[12.635749,55.679743],[12.635737,55.679741],[12.635726,55.679739],[12.635715,55.679736],[12.635703,55.679733],[12.635692,55.679731],[12.635681,55.679728],[12.63567,55.679725],[12.635659,55.679722],[12.635648,55.679719],[12.635637,55.679716],[12.635626,55.679713],[12.635615,55.67971],[12.635604,55.679707],[12.635593,55.679704],[12.635582,55.679701],[12.635571,55.679699],[12.63556,55.679696],[12.635548,55.679693],[12.635537,55.679692],[12.635525,55.67969],[12.635513,55.679689],[12.635501,55.679688],[12.635489,55.679688],[12.635477,55.679687],[12.635466,55.679686],[12.635454,55.679685],[12.635442,55.679683],[12.63543,55.679681],[12.635419,55.679678],[12.635407,55.679675],[12.635396,55.679671],[12.635386,55.679665],[12.635375,55.679659],[12.635366,55.679653],[12.635359,55.679647],[12.635352,55.67964],[12.635347,55.679634],[12.635342,55.679627],[12.635339,55.67962],[12.635336,55.679613],[12.635335,55.679606],[12.635334,55.6796],[12.635333,55.679593],[12.635333,55.679586],[12.635334,55.679579],[12.635335,55.679571],[12.635337,55.679564],[12.635338,55.679557],[12.63534,55.67955],[12.635342,55.679543],[12.635344,55.679536],[12.635346,55.679529],[12.635347,55.679522],[12.635349,55.679516],[12.63535,55.679509],[12.635351,55.679502],[12.635353,55.679495],[12.635355,55.679488],[12.635357,55.679482],[12.635359,55.679475],[12.635361,55.679468],[12.635364,55.679461],[12.635366,55.679454],[12.635369,55.679448],[12.635371,55.679441],[12.635373,55.679434],[12.635376,55.679427],[12.635378,55.67942],[12.63538,55.679414],[12.635381,55.679407],[12.635383,55.6794],[12.635384,55.679393],[12.635385,55.679386],[12.635386,55.679379],[12.635386,55.679373],[12.635386,55.679366],[12.635385,55.679359],[12.635385,55.679352],[12.635384,55.679345],[12.635383,55.679338],[12.635383,55.679331],[12.635382,55.679325],[12.635381,55.679318],[12.635381,55.679311],[12.63538,55.679304],[12.635379,55.679297],[12.635379,55.67929],[12.635378,55.679283],[12.635377,55.679276],[12.635377,55.67927],[12.635376,55.679263],[12.635375,55.679256],[12.635375,55.679249],[12.635374,55.679242],[12.635373,55.679235],[12.635373,55.679228],[12.635372,55.679222],[12.635372,55.679215],[12.635371,55.679208],[12.63537,55.679201],[12.63537,55.679194],[12.635369,55.679187],[12.635369,55.67918],[12.635368,55.679173],[12.635368,55.679167],[12.635367,55.67916],[12.635367,55.679153],[12.635366,55.679146],[12.635366,55.679139],[12.635365,55.679132],[12.635365,55.679125],[12.635364,55.679118],[12.635364,55.679112],[12.635363,55.679105],[12.635363,55.679098],[12.635362,55.679091],[12.635362,55.679084],[12.635362,55.679077],[12.635361,55.67907],[12.635361,55.679064],[12.63536,55.679057],[12.635361,55.67905],[12.635362,55.679043],[12.635363,55.679036],[12.635365,55.679029],[12.635367,55.679022],[12.63537,55.679016],[12.635372,55.679009],[12.635375,55.679002],[12.635377,55.678995],[12.63538,55.678988],[12.635382,55.678981],[12.635385,55.678975],[12.635386,55.678968],[12.635388,55.678961],[12.635389,55.678954],[12.635389,55.678948],[12.635389,55.678941],[12.635388,55.678934],[12.635385,55.678927],[12.63538,55.678921],[12.635375,55.678915],[12.63537,55.678908],[12.635364,55.678901],[12.635357,55.678896],[12.635347,55.678893],[12.635335,55.67889],[12.635339,55.678875],[12.635345,55.678857],[12.635353,55.678843],[12.635363,55.67883],[12.635389,55.678805],[12.63541,55.678795],[12.635433,55.678786],[12.635455,55.678778],[12.635478,55.678769],[12.6355,55.67876],[12.635521,55.67875],[12.635533,55.678736],[12.635532,55.678719],[12.63552,55.678705],[12.635503,55.678692],[12.635481,55.678683],[12.635454,55.678681],[12.635427,55.678688],[12.635406,55.678699],[12.635389,55.678712],[12.635375,55.678725],[12.635361,55.678738],[12.635349,55.678752],[12.635337,55.678766],[12.635326,55.67878],[12.635315,55.678794],[12.635304,55.678808],[12.635294,55.678822],[12.635285,55.678837],[12.635276,55.678852],[12.635268,55.678866],[12.635211,55.679483],[12.634205,55.679279],[12.634724,55.678774],[12.634694,55.678763],[12.634673,55.678757],[12.634179,55.679244],[12.634,55.67919],[12.634671,55.678528],[12.634667,55.677752],[12.634913,55.677663],[12.633821,55.67658],[12.633871,55.676564],[12.632988,55.675704],[12.633083,55.675676],[12.634629,55.675686],[12.636336,55.676981],[12.63635,55.676991],[12.637323,55.676825],[12.6374,55.67695],[12.638776,55.676717],[12.638714,55.676582],[12.639377,55.676467],[12.639477,55.676499],[12.640498,55.678437],[12.640643,55.678739],[12.640371,55.679078],[12.640368,55.679091],[12.640372,55.679104],[12.640381,55.679116],[12.640394,55.679126],[12.64041,55.679135],[12.640429,55.679142],[12.640451,55.679147],[12.640474,55.679148],[12.640496,55.679145],[12.640514,55.679138],[12.640535,55.679127],[12.640545,55.67912],[12.640558,55.679109],[12.640568,55.679098],[12.640664,55.678959],[12.640671,55.678853],[12.644816,55.679234],[12.64823,55.67608],[12.647796,55.675907],[12.648288,55.675516],[12.64834,55.675396],[12.648364,55.675228],[12.64818,55.67497],[12.646601,55.674298],[12.644808,55.671893],[12.645733,55.671484],[12.645857,55.671342],[12.645897,55.671188],[12.645881,55.671094],[12.645757,55.670915],[12.645722,55.670897],[12.645659,55.67089],[12.6456,55.670913],[12.645736,55.671157],[12.64574,55.671235],[12.645707,55.671329],[12.645628,55.671402],[12.644675,55.671831],[12.644123,55.67154],[12.64376,55.671424],[12.643141,55.671313],[12.642655,55.671277],[12.642192,55.671302],[12.64175,55.67135],[12.641283,55.670615],[12.63655,55.670387],[12.636786,55.670248],[12.641287,55.670467],[12.643203,55.670099],[12.643184,55.670058],[12.643541,55.669991],[12.643624,55.670147],[12.644443,55.669993],[12.644804,55.670561],[12.64483,55.670585],[12.64487,55.670601],[12.644919,55.670603],[12.644946,55.670585],[12.644952,55.670567],[12.644943,55.670545],[12.644166,55.669312],[12.644003,55.669194],[12.643218,55.669084],[12.642043,55.66724],[12.641966,55.667149],[12.641957,55.667142],[12.641947,55.667136],[12.641937,55.667129],[12.641927,55.667123],[12.641916,55.667117],[12.641905,55.667111],[12.641894,55.667106],[12.641882,55.6671],[12.64187,55.667095],[12.641857,55.66709],[12.641845,55.667086],[12.641832,55.667081],[12.641818,55.667077],[12.641805,55.667073],[12.641791,55.66707],[12.641777,55.667066],[12.641763,55.667063],[12.641749,55.66706],[12.641734,55.667058],[12.64172,55.667056],[12.641705,55.667054],[12.64169,55.667052],[12.641675,55.667051],[12.64166,55.66705],[12.641645,55.667049],[12.640752,55.666995],[12.636883,55.666806],[12.636803,55.666843],[12.636797,55.666915],[12.636861,55.666955],[12.637628,55.666989],[12.638414,55.667918],[12.638421,55.667924],[12.638427,55.667929],[12.638434,55.667934],[12.638441,55.667939],[12.638449,55.667944],[12.638456,55.66795],[12.638464,55.667954],[12.638472,55.667959],[12.63848,55.667964],[12.638489,55.667968],[12.638695,55.668057],[12.638237,55.668443],[12.638064,55.668395],[12.636723,55.669501],[12.636653,55.67016],[12.636268,55.670335],[12.633992,55.670216],[12.633054,55.670983],[12.632989,55.671029],[12.632719,55.670928],[12.632518,55.670887],[12.632337,55.670849],[12.632191,55.670828],[12.63194,55.670789],[12.631523,55.670747],[12.631129,55.670708],[12.630896,55.67066],[12.630936,55.670503],[12.632206,55.669606],[12.631601,55.669432],[12.631544,55.669411],[12.631531,55.669402],[12.631526,55.669393],[12.631534,55.669303],[12.631565,55.669259],[12.631582,55.669239],[12.631586,55.66918],[12.631606,55.669059],[12.631614,55.669046],[12.631623,55.669032],[12.631645,55.669017],[12.631649,55.669004],[12.631637,55.668888],[12.631636,55.668882],[12.631637,55.668777],[12.631641,55.668727],[12.631645,55.668683],[12.631647,55.668651],[12.631623,55.66851],[12.631825,55.668279],[12.631981,55.6681],[12.632137,55.667921],[12.632427,55.667588],[12.632723,55.66725],[12.632997,55.666937],[12.633315,55.666698],[12.633435,55.666534],[12.633435,55.666436],[12.633779,55.666043],[12.63387,55.66594],[12.634123,55.665656],[12.634428,55.665308],[12.634731,55.665051],[12.634815,55.66491],[12.634781,55.664905],[12.634695,55.665046],[12.634397,55.665299],[12.633519,55.665031],[12.631737,55.664856],[12.63128,55.664807],[12.631224,55.664732],[12.630561,55.664666],[12.630604,55.664534],[12.632214,55.664684],[12.632268,55.664664],[12.63242,55.664022],[12.632744,55.663659],[12.635026,55.664322],[12.634824,55.664782],[12.634855,55.664788],[12.635059,55.664329],[12.635069,55.664306],[12.635473,55.663346],[12.634011,55.66288],[12.632009,55.662294],[12.631747,55.662233],[12.629713,55.664613],[12.627027,55.664324],[12.625557,55.664155],[12.624114,55.663987],[12.622914,55.66375],[12.622904,55.663767],[12.622571,55.663701],[12.620197,55.663238],[12.619669,55.663936],[12.618853,55.663775],[12.618178,55.66366],[12.618005,55.663627],[12.617759,55.663943],[12.617507,55.664269],[12.615958,55.666276],[12.615913,55.666467],[12.615757,55.666756],[12.615621,55.666948],[12.615552,55.667042],[12.615015,55.667771],[12.614902,55.667813],[12.6148,55.667967],[12.617994,55.668655],[12.618,55.668656],[12.618074,55.668676],[12.618139,55.668705],[12.618191,55.668741],[12.618227,55.668783],[12.618257,55.668884],[12.615088,55.669197],[12.611922,55.669504],[12.611579,55.66953],[12.611207,55.66955],[12.610763,55.669552],[12.610361,55.669553],[12.609731,55.669536],[12.608977,55.669483],[12.608119,55.669372],[12.60807,55.669433],[12.60805,55.669456],[12.607608,55.669904],[12.606735,55.670642],[12.605684,55.671532],[12.605402,55.671626],[12.605297,55.671575],[12.605238,55.671497],[12.604858,55.671563],[12.604858,55.671605],[12.607788,55.672793],[12.608089,55.673004],[12.609014,55.673656],[12.609351,55.673652],[12.609386,55.673652],[12.609421,55.673653],[12.609455,55.673655],[12.60949,55.673657],[12.609528,55.673661],[12.609567,55.673665],[12.609605,55.67367],[12.609642,55.673676],[12.609689,55.673684],[12.609735,55.673695],[12.60978,55.673706],[12.609823,55.673719],[12.609874,55.673736],[12.609924,55.673755],[12.609971,55.673776],[12.610016,55.673797],[12.610056,55.673818],[12.610093,55.673839],[12.610129,55.673862],[12.610162,55.673886],[12.610186,55.673905],[12.61021,55.673925],[12.610231,55.673946],[12.610251,55.673967],[12.610269,55.67399],[12.610286,55.674012],[12.610294,55.674024],[12.610302,55.674035],[12.610316,55.674059],[12.610328,55.674081],[12.610339,55.674103],[12.610348,55.674125],[12.610355,55.674148],[12.610361,55.674173],[12.610364,55.674197],[12.610366,55.674222],[12.610365,55.674247],[12.610364,55.674266],[12.610362,55.674286],[12.610358,55.674305],[12.610352,55.674324],[12.610347,55.674337],[12.610342,55.674349],[12.610336,55.674362],[12.610329,55.674374],[12.610233,55.67456],[12.61128,55.675328],[12.611779,55.676023],[12.612401,55.676096],[12.612442,55.676105],[12.612484,55.676114],[12.612524,55.676124],[12.612565,55.676134],[12.612606,55.676145],[12.612647,55.676157],[12.612687,55.676169],[12.612726,55.676183],[12.612768,55.676198],[12.612808,55.676215],[12.612847,55.676232],[12.612885,55.67625],[12.612928,55.676272],[12.612969,55.676295],[12.613009,55.676318],[12.613048,55.676343],[12.613068,55.676354],[12.613087,55.676367],[12.613105,55.676379],[12.613123,55.676392],[12.613151,55.676416],[12.613175,55.676441],[12.613198,55.676467],[12.613235,55.676512],[12.613249,55.676532],[12.613263,55.676552],[12.613277,55.676573],[12.613287,55.676592],[12.613297,55.676611],[12.613307,55.67663],[12.613315,55.676649],[12.613331,55.67669],[12.613343,55.676731],[12.613352,55.676773],[12.613357,55.676815],[12.613358,55.676849],[12.613356,55.676883],[12.613351,55.676917],[12.613344,55.676951],[12.613335,55.676984],[12.613322,55.677017],[12.613308,55.67705],[12.613291,55.677082],[12.613271,55.677114],[12.613249,55.677146],[12.613224,55.677178],[12.613198,55.677209],[12.613178,55.677231],[12.613156,55.677254],[12.613133,55.677276],[12.613109,55.677298],[12.612883,55.677503],[12.613142,55.677849],[12.613447,55.678269],[12.61364,55.679024],[12.613771,55.679055],[12.613898,55.679089],[12.614023,55.679126],[12.614214,55.679188],[12.614282,55.679212],[12.614347,55.679238],[12.614409,55.679265],[12.614461,55.679292],[12.614511,55.67932],[12.614558,55.67935],[12.614602,55.679381],[12.614643,55.679413],[12.614681,55.679446],[12.614717,55.67948],[12.61475,55.679515],[12.614779,55.679551],[12.614806,55.679588],[12.61483,55.679626],[12.61485,55.679664],[12.614869,55.679707],[12.614883,55.679752],[12.614893,55.679797],[12.614898,55.679841],[12.614898,55.679878],[12.614895,55.679915],[12.614889,55.679951],[12.614881,55.679988],[12.614871,55.68002],[12.614859,55.680051],[12.614845,55.680082],[12.614828,55.680113],[12.614811,55.680141],[12.614792,55.680169],[12.614771,55.680197],[12.614748,55.680224],[12.614675,55.680294],[12.614579,55.680369],[12.614157,55.680624],[12.614368,55.681335],[12.61428,55.682005],[12.614267,55.682109],[12.61426,55.682155],[12.614257,55.682177],[12.614256,55.6822],[12.614256,55.682222],[12.614258,55.682245],[12.61426,55.682268],[12.614264,55.682291],[12.614269,55.682313],[12.614275,55.682336],[12.614424,55.682356],[12.614622,55.682383],[12.615655,55.682527],[12.616625,55.683226],[12.616523,55.68338],[12.617637,55.686468],[12.617858,55.686919],[12.617887,55.686926],[12.618017,55.686772],[12.618041,55.686761],[12.618457,55.686864],[12.619707,55.687206],[12.619741,55.687323],[12.619763,55.687358],[12.619722,55.687409],[12.619741,55.687421],[12.619753,55.687412],[12.619806,55.687575],[12.619823,55.68777],[12.619845,55.687788],[12.619877,55.687803],[12.619897,55.687809],[12.61992,55.687803],[12.619949,55.687794],[12.619968,55.687782],[12.619971,55.687754],[12.619961,55.687666],[12.619941,55.687493],[12.619923,55.687419],[12.619921,55.687357],[12.61993,55.687316],[12.619964,55.687234],[12.619952,55.687118],[12.620793,55.687361],[12.621025,55.68743],[12.621422,55.687546],[12.621898,55.687686],[12.621942,55.687699],[12.622185,55.687771],[12.622926,55.687991],[12.622823,55.688097],[12.622824,55.688105],[12.624787,55.688692],[12.624797,55.688691],[12.624879,55.688602],[12.625027,55.688646],[12.625039,55.68865],[12.625062,55.688656],[12.6251,55.688664],[12.62514,55.688669],[12.625166,55.688669],[12.6252,55.688667],[12.625239,55.688658],[12.625275,55.688644],[12.625285,55.688638],[12.625295,55.688632],[12.625316,55.688614],[12.625326,55.688603],[12.6254,55.688518],[12.625466,55.688441],[12.625725,55.688142],[12.625753,55.688118],[12.625791,55.688096],[12.625807,55.688089],[12.625824,55.688085],[12.625832,55.688086],[12.625839,55.688087],[12.625859,55.688098],[12.625877,55.688108],[12.625896,55.688114],[12.625916,55.68812],[12.625943,55.688125],[12.62597,55.688129],[12.625979,55.688128],[12.626001,55.68812],[12.626023,55.688112],[12.626146,55.688158],[12.626133,55.688177],[12.626133,55.688182],[12.626135,55.688187],[12.626144,55.688198],[12.626157,55.688213],[12.626172,55.688228],[12.626174,55.688238],[12.626172,55.688243],[12.626168,55.688247],[12.625964,55.688471],[12.625674,55.688798],[12.625678,55.688805],[12.625823,55.689001],[12.626382,55.689717],[12.626144,55.689777],[12.626139,55.689778],[12.626132,55.689781],[12.62613,55.689782],[12.626128,55.689784],[12.626125,55.689787],[12.626124,55.689789],[12.626123,55.689791],[12.626123,55.689792],[12.626123,55.689794],[12.626123,55.689796],[12.626124,55.689797],[12.626124,55.689799],[12.626125,55.6898],[12.626127,55.689802],[12.626128,55.689803],[12.62613,55.689805],[12.626132,55.689806],[12.626134,55.689807],[12.626136,55.689808],[12.626138,55.689809],[12.626143,55.689809],[12.626149,55.689809],[12.626158,55.689808],[12.626407,55.689748]]]]}},{"type":"Feature","properties":{"name":"Nyboder Skole","schoolIds":["101003"]},"geometry":{"type":"MultiPolygon","coordinates":[[[[12.598846,55.691862],[12.599028,55.692567],[12.599027,55.692572],[12.599027,55.692577],[12.599027,55.692582],[12.599028,55.692587],[12.599028,55.692591],[12.599028,55.692596],[12.599029,55.692601],[12.59903,55.692606],[12.599031,55.692611],[12.599032,55.692616],[12.599033,55.692621],[12.599034,55.692626],[12.599035,55.692631],[12.599036,55.692636],[12.599038,55.692641],[12.59904,55.692646],[12.599041,55.692651],[12.599043,55.692655],[12.599045,55.69266],[12.599047,55.692665],[12.599049,55.69267],[12.599051,55.692675],[12.599053,55.69268],[12.599055,55.692685],[12.599057,55.69269],[12.599059,55.692694],[12.599062,55.692699],[12.599064,55.692704],[12.599067,55.692709],[12.59907,55.692713],[12.599073,55.692718],[12.599076,55.692723],[12.599079,55.692727],[12.599083,55.692732],[12.599083,55.692732],[12.599086,55.692736],[12.59909,55.692741],[12.599094,55.692745],[12.599099,55.692749],[12.599103,55.692754],[12.599108,55.692758],[12.599112,55.692762],[12.599117,55.692767],[12.599122,55.692771],[12.599126,55.692775],[12.599131,55.692779],[12.599136,55.692783],[12.599141,55.692788],[12.599143,55.69279],[12.599145,55.692792],[12.59915,55.692796],[12.599275,55.692888],[12.599325,55.692964],[12.600159,55.693383],[12.600326,55.693475],[12.600356,55.693516],[12.600397,55.693594],[12.600488,55.693787],[12.60061,55.693961],[12.600591,55.694014],[12.600493,55.694054],[12.600294,55.694041],[12.600205,55.693972],[12.600186,55.693977],[12.599581,55.693493],[12.598234,55.693734],[12.598251,55.694269],[12.598316,55.694296],[12.599768,55.694888],[12.600003,55.694847],[12.600282,55.694301],[12.600341,55.694309],[12.600393,55.694214],[12.600504,55.694188],[12.600591,55.694199],[12.600614,55.694219],[12.600637,55.69424],[12.60055,55.694447],[12.600475,55.694655],[12.600474,55.694711],[12.600496,55.694793],[12.600496,55.694843],[12.600489,55.694895],[12.600465,55.694942],[12.600434,55.694985],[12.60039,55.695028],[12.600365,55.695054],[12.600335,55.695078],[12.600303,55.695102],[12.600271,55.695125],[12.600238,55.695149],[12.600205,55.695172],[12.600179,55.695198],[12.600161,55.695226],[12.600148,55.695255],[12.60015,55.695282],[12.600147,55.695321],[12.600131,55.695327],[12.600115,55.695333],[12.6,55.695359],[12.600068,55.695441],[12.599874,55.69549],[12.599804,55.695407],[12.599653,55.695445],[12.599639,55.695428],[12.599495,55.695255],[12.599387,55.695136],[12.599313,55.69505],[12.5992,55.694943],[12.599192,55.694937],[12.599184,55.694931],[12.599176,55.694924],[12.599167,55.694918],[12.599159,55.694912],[12.599151,55.694906],[12.599142,55.6949],[12.599133,55.694894],[12.599125,55.694888],[12.59907,55.694911],[12.599024,55.694925],[12.598933,55.694949],[12.59891,55.694936],[12.598781,55.694858],[12.598724,55.694824],[12.598652,55.69479],[12.598525,55.694741],[12.598411,55.694699],[12.598254,55.694646],[12.59812,55.694602],[12.597981,55.694555],[12.597775,55.694486],[12.597613,55.694432],[12.597603,55.694428],[12.597468,55.694384],[12.597321,55.694327],[12.597187,55.694267],[12.597067,55.694209],[12.597061,55.694206],[12.596959,55.694148],[12.596947,55.694141],[12.596842,55.69407],[12.596773,55.694019],[12.596735,55.693988],[12.596648,55.693911],[12.596645,55.693909],[12.596584,55.693846],[12.596566,55.693824],[12.596502,55.693747],[12.596451,55.69367],[12.596441,55.693654],[12.596391,55.693546],[12.596359,55.693547],[12.596312,55.693419],[12.595948,55.693417],[12.595947,55.693546],[12.595916,55.693546],[12.595913,55.693766],[12.595906,55.693831],[12.595891,55.693888],[12.59589,55.693892],[12.595861,55.693955],[12.595821,55.694027],[12.595815,55.694036],[12.595757,55.694113],[12.595706,55.694171],[12.595702,55.694174],[12.595639,55.694239],[12.595619,55.694258],[12.595544,55.694324],[12.595499,55.694359],[12.595426,55.694416],[12.595376,55.694448],[12.595258,55.694522],[12.595111,55.694605],[12.594979,55.694667],[12.594961,55.694675],[12.594944,55.694682],[12.594936,55.694686],[12.594919,55.694694],[12.59491,55.694697],[12.594902,55.694701],[12.594884,55.694708],[12.594875,55.694712],[12.594866,55.694716],[12.594858,55.694719],[12.594849,55.694723],[12.59484,55.694727],[12.594831,55.69473],[12.594815,55.694737],[12.594801,55.694742],[12.594787,55.694748],[12.594781,55.69475],[12.594766,55.694756],[12.594753,55.694761],[12.594741,55.694766],[12.594728,55.69477],[12.594716,55.694775],[12.594703,55.69478],[12.59469,55.694784],[12.594677,55.694789],[12.594665,55.694793],[12.594655,55.694797],[12.594644,55.6948],[12.594634,55.694803],[12.594624,55.694806],[12.594614,55.69481],[12.594604,55.694813],[12.594583,55.694819],[12.594543,55.694832],[12.594523,55.694838],[12.594502,55.694844],[12.594482,55.69485],[12.594472,55.694853],[12.594461,55.694856],[12.594441,55.694862],[12.59442,55.694868],[12.594403,55.694872],[12.594386,55.694877],[12.594369,55.694882],[12.594351,55.694886],[12.594334,55.694891],[12.594317,55.694895],[12.594308,55.694897],[12.594295,55.6949],[12.594281,55.694903],[12.594271,55.694906],[12.594254,55.69491],[12.594238,55.694913],[12.594227,55.694916],[12.594218,55.694917],[12.594206,55.69492],[12.594193,55.694922],[12.594182,55.694924],[12.594174,55.694926],[12.594161,55.694928],[12.594155,55.694929],[12.594148,55.69493],[12.594137,55.694932],[12.594128,55.694933],[12.594116,55.694935],[12.594103,55.694936],[12.594091,55.694938],[12.594068,55.694941],[12.594036,55.694943],[12.593912,55.694947],[12.593744,55.694948],[12.593501,55.694883],[12.593909,55.69526],[12.594022,55.695423],[12.594022,55.695549],[12.594015,55.695668],[12.593959,55.695762],[12.593835,55.695963],[12.593587,55.696255],[12.593449,55.696452],[12.593268,55.696847],[12.593153,55.697218],[12.592793,55.699355],[12.590498,55.698832],[12.590623,55.697355],[12.590607,55.697234],[12.590557,55.697019],[12.590471,55.696824],[12.588617,55.695514],[12.588573,55.695482],[12.586449,55.694113],[12.585373,55.693419],[12.585052,55.693197],[12.585166,55.693138],[12.585597,55.692912],[12.587206,55.692067],[12.586895,55.691869],[12.586796,55.691807],[12.58667,55.691731],[12.586692,55.691719],[12.586201,55.69142],[12.586211,55.691415],[12.584565,55.690412],[12.58471,55.690336],[12.584492,55.690203],[12.584464,55.690218],[12.584341,55.690144],[12.584274,55.690179],[12.58399,55.690093],[12.584054,55.690024],[12.58229,55.689341],[12.578917,55.687686],[12.578404,55.687482],[12.581923,55.686525],[12.58249,55.687165],[12.585673,55.686317],[12.58702,55.685958],[12.587103,55.685936],[12.587379,55.686242],[12.588993,55.685807],[12.588526,55.685256],[12.587206,55.683695],[12.587142,55.683621],[12.586036,55.682328],[12.586596,55.682177],[12.587827,55.681398],[12.587379,55.680877],[12.594064,55.679112],[12.594206,55.679282],[12.594701,55.679439],[12.594915,55.679384],[12.595193,55.679545],[12.595211,55.679639],[12.595505,55.680042],[12.595605,55.680056],[12.595862,55.680289],[12.595257,55.680553],[12.595257,55.680553],[12.597038,55.682678],[12.596402,55.682848],[12.595368,55.683115],[12.596314,55.684258],[12.596654,55.684669],[12.597548,55.685759],[12.597571,55.685754],[12.598555,55.68697],[12.59926,55.687969],[12.599414,55.688186],[12.599385,55.688275],[12.599422,55.688277],[12.59942,55.688288],[12.599321,55.68879],[12.598902,55.68905],[12.598888,55.689104],[12.599052,55.689254],[12.599217,55.689397],[12.599248,55.689423],[12.599742,55.689388],[12.599729,55.689341],[12.599793,55.689025],[12.599946,55.689015],[12.600381,55.691075],[12.600035,55.691096],[12.599661,55.691118],[12.599651,55.691119],[12.599595,55.691125],[12.599541,55.691131],[12.599478,55.691155],[12.599457,55.69116],[12.599436,55.691165],[12.599416,55.69117],[12.599396,55.691176],[12.599376,55.691183],[12.599357,55.691189],[12.599337,55.691196],[12.599318,55.691202],[12.599298,55.69121],[12.59928,55.691217],[12.599262,55.691225],[12.599246,55.691234],[12.599231,55.691243],[12.599217,55.691253],[12.599204,55.691264],[12.59919,55.691274],[12.599177,55.691284],[12.599164,55.691295],[12.599151,55.691305],[12.599138,55.691316],[12.599073,55.691368],[12.59906,55.691378],[12.599047,55.691389],[12.599035,55.691399],[12.599022,55.69141],[12.599013,55.691422],[12.599012,55.691435],[12.599019,55.691448],[12.599011,55.691475],[12.598992,55.691498],[12.598846,55.691802],[12.598783,55.691825],[12.598732,55.691831],[12.598731,55.691847],[12.598803,55.691849],[12.598846,55.691862]]]]}},{"type":"Feature","properties":{"name":"Nørre Fælled Skole","schoolIds":["101045"]},"geometry":{"type":"MultiPolygon","coordinates":[[[[12.556366,55.707746],[12.556336,55.707965],[12.555706,55.709138],[12.55548,55.709584],[12.555448,55.70963],[12.555416,55.709676],[12.555382,55.709721],[12.555347,55.709766],[12.555311,55.709811],[12.555274,55.709855],[12.555236,55.709899],[12.555197,55.709943],[12.555157,55.709987],[12.555116,55.71003],[12.555074,55.710073],[12.555031,55.710116],[12.554987,55.710158],[12.554942,55.7102],[12.554896,55.710242],[12.554849,55.710283],[12.554801,55.710324],[12.554753,55.710364],[12.554703,55.710405],[12.554652,55.710445],[12.5546,55.710484],[12.554548,55.710523],[12.554494,55.710562],[12.55444,55.7106],[12.554427,55.710609],[12.553845,55.710977],[12.553084,55.711434],[12.54673,55.709211],[12.546553,55.709323],[12.544966,55.708381],[12.54193,55.706578],[12.546164,55.704214],[12.547079,55.703698],[12.548088,55.703129],[12.548088,55.703129],[12.551141,55.701426],[12.55229,55.70057],[12.552289,55.700569],[12.553882,55.699382],[12.554279,55.699117],[12.554827,55.699557],[12.558866,55.703185],[12.559315,55.703589],[12.559973,55.704186],[12.56032,55.704483],[12.561944,55.705925],[12.56216,55.706117],[12.562172,55.706124],[12.56223,55.706158],[12.562291,55.706191],[12.562353,55.706223],[12.562418,55.706254],[12.562485,55.706283],[12.562554,55.706311],[12.562624,55.706337],[12.562697,55.706362],[12.56277,55.706385],[12.562846,55.706407],[12.562922,55.706427],[12.562987,55.706442],[12.562648,55.707151],[12.5624,55.707554],[12.561025,55.709953],[12.560305,55.709808],[12.560272,55.709801],[12.560196,55.709783],[12.56012,55.709764],[12.560047,55.709744],[12.559974,55.709721],[12.559903,55.709697],[12.559834,55.709672],[12.559767,55.709645],[12.559701,55.709617],[12.559638,55.709587],[12.559577,55.709556],[12.559517,55.709523],[12.559461,55.70949],[12.559449,55.709483],[12.556366,55.707746]]]]}},{"type":"Feature","properties":{"name":"Nørrebro Park Skole","schoolIds":["101007"]},"geometry":{"type":"MultiPolygon","coordinates":[[[[12.534892,55.694389],[12.535016,55.69433],[12.53502,55.694328],[12.535085,55.694294],[12.53509,55.694292],[12.535241,55.694189],[12.535667,55.693907],[12.535728,55.693851],[12.535746,55.693806],[12.535868,55.693231],[12.53587,55.693173],[12.535866,55.693134],[12.535843,55.693085],[12.535734,55.692917],[12.535609,55.692718],[12.535527,55.692434],[12.535538,55.692365],[12.535678,55.692046],[12.535767,55.691946],[12.536541,55.691073],[12.53691,55.690677],[12.53712,55.690461],[12.537302,55.69024],[12.538882,55.691149],[12.539254,55.690925],[12.53965,55.691317],[12.540727,55.692385],[12.541038,55.692271],[12.54262,55.689899],[12.54194,55.689302],[12.542754,55.688986],[12.544314,55.690357],[12.544651,55.689622],[12.544692,55.689608],[12.54477,55.689618],[12.545581,55.69029],[12.544776,55.690603],[12.544661,55.690653],[12.545622,55.691503],[12.54226,55.693912],[12.543195,55.694845],[12.543146,55.695161],[12.543032,55.695951],[12.543046,55.696641],[12.543133,55.69748],[12.543885,55.697628],[12.543371,55.697969],[12.540865,55.699621],[12.540317,55.699966],[12.538926,55.700592],[12.537634,55.701016],[12.537535,55.701048],[12.538523,55.699168],[12.53857,55.698998],[12.538505,55.698021],[12.538481,55.69766],[12.538299,55.697672],[12.538269,55.697114],[12.538114,55.69701],[12.538104,55.697003],[12.537957,55.696916],[12.53776,55.696799],[12.537696,55.696765],[12.537492,55.69665],[12.537355,55.696605],[12.537043,55.696527],[12.536939,55.696487],[12.536889,55.696466],[12.536849,55.696443],[12.536804,55.696395],[12.536804,55.696395],[12.536621,55.696163],[12.536575,55.696123],[12.536493,55.696087],[12.536377,55.696051],[12.536207,55.695995],[12.536098,55.695944],[12.535797,55.695697],[12.53577,55.695643],[12.535747,55.695558],[12.535691,55.695407],[12.535565,55.695122],[12.535527,55.695063],[12.535424,55.694979],[12.53506,55.694692],[12.534836,55.694503],[12.534764,55.694442],[12.534818,55.694421],[12.534892,55.694389]]],[[[12.550298,55.685063],[12.551096,55.685988],[12.547606,55.687276],[12.547217,55.685228],[12.550298,55.685063]]]]}},{"type":"Feature","properties":{"name":"Oehlenschlægersgades Skole","schoolIds":["101069"]},"geometry":{"type":"MultiPolygon","coordinates":[[[[12.550012,55.66821],[12.549892,55.669814],[12.549774,55.671382],[12.549707,55.672249],[12.549594,55.672581],[12.549757,55.672666],[12.549894,55.672672],[12.549957,55.672692],[12.549984,55.672732],[12.549994,55.672824],[12.549932,55.673304],[12.549901,55.673303],[12.549879,55.673454],[12.549883,55.673456],[12.549854,55.673657],[12.550004,55.673665],[12.54999,55.673769],[12.549933,55.674153],[12.549896,55.674399],[12.549893,55.674426],[12.549927,55.67444],[12.550459,55.674317],[12.550864,55.674223],[12.551009,55.674189],[12.551313,55.674117],[12.551593,55.674056],[12.551948,55.673977],[12.552362,55.673882],[12.552453,55.673862],[12.553254,55.673678],[12.553485,55.673626],[12.553718,55.673574],[12.554063,55.673496],[12.554067,55.673472],[12.5541,55.673472],[12.554472,55.673493],[12.554728,55.6724],[12.553803,55.672506],[12.553867,55.67189],[12.554069,55.671637],[12.555265,55.669761],[12.555282,55.669734],[12.556184,55.668253],[12.555045,55.667723],[12.557014,55.665553],[12.558774,55.665185],[12.554832,55.664863],[12.552241,55.664514],[12.551003,55.665879],[12.550165,55.665575],[12.550108,55.666734],[12.550012,55.66821]]]]}},{"type":"Feature","properties":{"name":"Peder Lykke Skolen","schoolIds":["101060"]},"geometry":{"type":"MultiPolygon","coordinates":[[[[12.587155,55.644819],[12.587418,55.646038],[12.587444,55.646168],[12.587493,55.646397],[12.587516,55.646504],[12.587578,55.64678],[12.587615,55.646941],[12.587658,55.647136],[12.587685,55.647252],[12.587721,55.647415],[12.587755,55.647571],[12.587795,55.64775],[12.587838,55.647935],[12.587898,55.648214],[12.592163,55.648147],[12.592223,55.649001],[12.592253,55.649459],[12.59232,55.649837],[12.592403,55.650152],[12.592425,55.650237],[12.592486,55.650438],[12.592665,55.650928],[12.593112,55.652075],[12.59358,55.653302],[12.594832,55.653146],[12.594849,55.65319],[12.596283,55.65301],[12.596231,55.652878],[12.597365,55.652736],[12.597551,55.653212],[12.598702,55.653068],[12.598677,55.653002],[12.598638,55.652902],[12.598442,55.6524],[12.597846,55.652475],[12.59754,55.651692],[12.597417,55.651708],[12.597165,55.65106],[12.596567,55.651134],[12.595967,55.649601],[12.596146,55.649579],[12.596089,55.649434],[12.598626,55.64912],[12.599556,55.650222],[12.600002,55.650738],[12.601859,55.652462],[12.602148,55.652729],[12.602362,55.652896],[12.602438,55.653059],[12.602582,55.652546],[12.60398,55.649915],[12.612813,55.649652],[12.612494,55.650355],[12.611917,55.651636],[12.611638,55.652268],[12.611511,55.652556],[12.611245,55.65316],[12.611229,55.653189],[12.611115,55.653424],[12.611058,55.653541],[12.610975,55.653707],[12.610721,55.65422],[12.610495,55.654635],[12.610155,55.655107],[12.610133,55.65519],[12.609881,55.655574],[12.609477,55.656135],[12.609053,55.656785],[12.608612,55.657442],[12.60859,55.657475],[12.607893,55.658058],[12.607728,55.658188],[12.607264,55.658006],[12.605392,55.657094],[12.60459,55.65748],[12.603841,55.657769],[12.602812,55.658165],[12.602792,55.658183],[12.602046,55.658638],[12.601991,55.658673],[12.600608,55.659234],[12.600337,55.659395],[12.599446,55.658962],[12.598359,55.658442],[12.597057,55.657789],[12.59699,55.657698],[12.596439,55.656266],[12.596049,55.655214],[12.595956,55.654956],[12.594215,55.654988],[12.594205,55.65506],[12.594098,55.655296],[12.59365,55.65575],[12.593571,55.655826],[12.592925,55.656439],[12.592737,55.656618],[12.592414,55.656928],[12.59233,55.657336],[12.592401,55.657938],[12.592582,55.658382],[12.593987,55.663004],[12.59224,55.663209],[12.589367,55.663533],[12.584885,55.664088],[12.584812,55.663951],[12.584422,55.662769],[12.584279,55.66241],[12.583645,55.660828],[12.58355,55.660588],[12.57758,55.645649],[12.585271,55.644983],[12.58367,55.640786],[12.586085,55.641214],[12.587155,55.644819]]]]}},{"type":"Feature","properties":{"name":"Randersgades Skole","schoolIds":["101039"]},"geometry":{"type":"MultiPolygon","coordinates":[[[[12.577413,55.705885],[12.577429,55.704987],[12.577434,55.703292],[12.577436,55.702523],[12.577441,55.701881],[12.577456,55.699742],[12.577515,55.699684],[12.577764,55.699388],[12.582115,55.700478],[12.582247,55.700527],[12.581925,55.700888],[12.581158,55.701394],[12.580397,55.701786],[12.579887,55.703552],[12.581155,55.703686],[12.581272,55.703688],[12.581912,55.703745],[12.582891,55.703838],[12.583812,55.703934],[12.584359,55.70399],[12.583801,55.705671],[12.582184,55.705509],[12.581633,55.705447],[12.581536,55.705447],[12.581484,55.705485],[12.58147,55.70553],[12.581496,55.705573],[12.581499,55.705576],[12.582047,55.70614],[12.582054,55.706152],[12.582071,55.706199],[12.582073,55.706248],[12.582061,55.706293],[12.58206,55.706317],[12.578479,55.70598],[12.577413,55.705885]]]]}},{"type":"Feature","properties":{"name":"Rådmandsgades Skole","schoolIds":["101034"]},"geometry":{"type":"MultiPolygon","coordinates":[[[[12.537535,55.701048],[12.537634,55.701016],[12.538926,55.700592],[12.540317,55.699966],[12.540865,55.699621],[12.543371,55.697969],[12.543885,55.697628],[12.543133,55.69748],[12.543046,55.696641],[12.543032,55.695951],[12.543146,55.695161],[12.543195,55.694845],[12.54408,55.694253],[12.544815,55.6946],[12.544601,55.694727],[12.546762,55.695723],[12.54576,55.696388],[12.546311,55.696665],[12.547035,55.697009],[12.547759,55.697345],[12.547541,55.697486],[12.548577,55.698385],[12.549029,55.698785],[12.549113,55.698856],[12.550323,55.69847],[12.550111,55.698273],[12.549973,55.698149],[12.549812,55.698006],[12.549575,55.697795],[12.549301,55.697547],[12.549284,55.697532],[12.551517,55.696688],[12.552609,55.697658],[12.554279,55.699117],[12.553882,55.699382],[12.552289,55.700569],[12.55229,55.70057],[12.551141,55.701426],[12.548088,55.703129],[12.547079,55.703698],[12.546164,55.704214],[12.54193,55.706578],[12.541877,55.706541],[12.541816,55.706498],[12.541755,55.706455],[12.541694,55.706412],[12.541634,55.706369],[12.541574,55.706325],[12.541536,55.706298],[12.541514,55.706282],[12.541464,55.706245],[12.541455,55.706238],[12.541397,55.706194],[12.541338,55.70615],[12.54128,55.706105],[12.541223,55.706061],[12.541219,55.706058],[12.541166,55.706016],[12.541109,55.705971],[12.541053,55.705926],[12.540997,55.705881],[12.540942,55.705836],[12.540895,55.705796],[12.540832,55.705744],[12.540778,55.705698],[12.540725,55.705652],[12.540671,55.705606],[12.540625,55.705566],[12.540619,55.70556],[12.540514,55.705467],[12.540444,55.705403],[12.540386,55.70535],[12.540311,55.705279],[12.540261,55.705231],[12.540212,55.705184],[12.540114,55.705088],[12.540019,55.704992],[12.539925,55.704896],[12.539833,55.704798],[12.539787,55.70475],[12.539685,55.704637],[12.539654,55.704603],[12.53961,55.704553],[12.539525,55.704454],[12.539483,55.704405],[12.539441,55.704355],[12.5394,55.704305],[12.539359,55.704255],[12.539339,55.70423],[12.539319,55.704205],[12.539279,55.704154],[12.539239,55.704104],[12.53922,55.704079],[12.5392,55.704053],[12.539162,55.704003],[12.539124,55.703952],[12.539086,55.703901],[12.539049,55.70385],[12.539013,55.703799],[12.538977,55.703748],[12.538941,55.703697],[12.538906,55.703645],[12.538871,55.703594],[12.538837,55.703542],[12.538803,55.70349],[12.53877,55.703438],[12.538737,55.703387],[12.538705,55.703335],[12.538673,55.703283],[12.538642,55.70323],[12.538611,55.703178],[12.538581,55.703126],[12.538551,55.703073],[12.538521,55.703021],[12.538492,55.702968],[12.538464,55.702915],[12.538436,55.702863],[12.538409,55.70281],[12.538382,55.702757],[12.538355,55.702704],[12.538329,55.702651],[12.538304,55.702597],[12.538279,55.702544],[12.538254,55.702491],[12.53823,55.702437],[12.538207,55.702384],[12.538184,55.70233],[12.537535,55.701048]]]]}},{"type":"Feature","properties":{"name":"Rødkilde Skole","schoolIds":["101022"]},"geometry":{"type":"MultiPolygon","coordinates":[[[[12.526149,55.695419],[12.526503,55.695476],[12.526531,55.69548],[12.526584,55.695487],[12.527307,55.695563],[12.527322,55.695555],[12.527561,55.695582],[12.52652,55.696204],[12.523556,55.698496],[12.521498,55.70012],[12.519433,55.701975],[12.520204,55.702707],[12.520813,55.704121],[12.521621,55.706044],[12.516833,55.706661],[12.515937,55.706643],[12.514288,55.706479],[12.513832,55.705608],[12.512496,55.702932],[12.512142,55.702241],[12.511957,55.701998],[12.510308,55.7005],[12.510259,55.700456],[12.510111,55.700322],[12.50933,55.699608],[12.508189,55.698567],[12.506335,55.699648],[12.506269,55.699805],[12.506305,55.699922],[12.505152,55.700677],[12.505323,55.70079],[12.505472,55.700834],[12.505599,55.700855],[12.505773,55.700866],[12.505887,55.700856],[12.506034,55.700956],[12.5062,55.701012],[12.506355,55.701082],[12.506401,55.701106],[12.506443,55.701188],[12.50651,55.701293],[12.506602,55.701403],[12.506813,55.701564],[12.50687,55.701625],[12.506901,55.701697],[12.506669,55.701783],[12.506853,55.702098],[12.507016,55.7024],[12.507084,55.702492],[12.506808,55.702469],[12.506324,55.7024],[12.506035,55.701981],[12.505924,55.701869],[12.505567,55.701511],[12.504507,55.70093],[12.503238,55.701119],[12.501316,55.699293],[12.50286,55.698218],[12.498384,55.698002],[12.498441,55.697638],[12.499329,55.69519],[12.505171,55.69664],[12.505344,55.696686],[12.505429,55.696711],[12.505513,55.696736],[12.505596,55.696763],[12.505679,55.696791],[12.50576,55.696819],[12.50584,55.696849],[12.505919,55.696879],[12.505996,55.696911],[12.506073,55.696943],[12.506148,55.696977],[12.506222,55.697011],[12.506324,55.69706],[12.506438,55.696993],[12.506512,55.696933],[12.507194,55.696478],[12.507406,55.696336],[12.507285,55.695948],[12.507284,55.695947],[12.507265,55.695892],[12.507244,55.695837],[12.507221,55.695782],[12.507196,55.695728],[12.507168,55.695674],[12.507139,55.695621],[12.507108,55.695567],[12.507075,55.695514],[12.507041,55.695462],[12.507004,55.69541],[12.506964,55.695369],[12.506919,55.695328],[12.506874,55.695288],[12.506827,55.695249],[12.50678,55.695209],[12.506731,55.69517],[12.506682,55.695131],[12.506631,55.695093],[12.50658,55.695055],[12.506528,55.695018],[12.506475,55.694981],[12.506421,55.694944],[12.506366,55.694908],[12.50631,55.694872],[12.506254,55.694836],[12.506196,55.694801],[12.506138,55.694767],[12.506079,55.694733],[12.506019,55.694699],[12.505959,55.694666],[12.505938,55.694655],[12.505456,55.694409],[12.506248,55.693744],[12.507127,55.692988],[12.507416,55.692753],[12.509108,55.69114],[12.51107,55.689269],[12.510927,55.689234],[12.511918,55.689477],[12.513785,55.689934],[12.513533,55.689883],[12.514072,55.690011],[12.51502,55.690165],[12.515508,55.690277],[12.515621,55.690325],[12.51583,55.690433],[12.516097,55.690567],[12.516189,55.690503],[12.516348,55.690569],[12.516366,55.690575],[12.516401,55.690591],[12.516539,55.69064],[12.516893,55.690729],[12.517052,55.690768],[12.517376,55.69081],[12.517519,55.690848],[12.517612,55.69089],[12.517995,55.691117],[12.518297,55.691266],[12.518597,55.691431],[12.518791,55.691532],[12.519203,55.691783],[12.519394,55.691892],[12.519708,55.692109],[12.520104,55.692356],[12.520346,55.692521],[12.520418,55.692586],[12.520641,55.692819],[12.520897,55.693011],[12.521033,55.693109],[12.521096,55.693155],[12.521145,55.693202],[12.52118,55.693299],[12.521247,55.693366],[12.521436,55.693526],[12.521699,55.693698],[12.521838,55.693805],[12.522033,55.694012],[12.522306,55.694151],[12.522453,55.694219],[12.522979,55.694465],[12.523242,55.694572],[12.523543,55.69468],[12.524968,55.695157],[12.526061,55.695402],[12.526149,55.695419]]]]}},{"type":"Feature","properties":{"name":"Skolen i Sydhavnen","schoolIds":["280129"]},"geometry":{"type":"MultiPolygon","coordinates":[[[[12.553218,55.647603],[12.553487,55.647804],[12.554055,55.647595],[12.554183,55.647709],[12.553622,55.647911],[12.553809,55.648049],[12.554381,55.64785],[12.5545,55.647956],[12.55394,55.648159],[12.55427,55.648415],[12.554862,55.648206],[12.554989,55.648314],[12.554423,55.648518],[12.554616,55.648662],[12.555187,55.648458],[12.555321,55.64857],[12.554739,55.648775],[12.555056,55.649012],[12.555638,55.648793],[12.555767,55.648906],[12.555236,55.649105],[12.555291,55.649141],[12.555606,55.649411],[12.556174,55.649211],[12.556292,55.649316],[12.555745,55.649521],[12.556068,55.649777],[12.556651,55.64957],[12.556776,55.649682],[12.556144,55.649916],[12.556276,55.650031],[12.55649,55.649964],[12.558709,55.651662],[12.558653,55.651739],[12.558614,55.651793],[12.558627,55.651822],[12.558634,55.651865],[12.558623,55.651916],[12.558598,55.651969],[12.558577,55.651993],[12.558489,55.652054],[12.558459,55.652067],[12.558451,55.652109],[12.558439,55.652139],[12.558426,55.652167],[12.558363,55.652195],[12.557594,55.652398],[12.556663,55.652634],[12.556632,55.652604],[12.556427,55.652657],[12.556458,55.65269],[12.555646,55.652904],[12.555643,55.652905],[12.555641,55.652905],[12.555636,55.652906],[12.555628,55.652906],[12.555615,55.652907],[12.555605,55.652906],[12.555495,55.652902],[12.554165,55.653246],[12.553179,55.653505],[12.553179,55.653505],[12.552912,55.65327],[12.552379,55.652804],[12.551473,55.652004],[12.55078,55.652253],[12.550875,55.652345],[12.55092,55.652383],[12.551198,55.652633],[12.551873,55.653239],[12.552385,55.653697],[12.552389,55.653703],[12.552391,55.653708],[12.552392,55.653713],[12.552392,55.653718],[12.552391,55.653723],[12.552386,55.653731],[12.552386,55.653731],[12.552382,55.653736],[12.552376,55.653741],[12.552373,55.653742],[12.55237,55.653744],[12.552366,55.653747],[12.5522,55.65379],[12.551833,55.653888],[12.550908,55.654133],[12.550645,55.654202],[12.54959,55.654475],[12.549566,55.654447],[12.548858,55.654632],[12.548937,55.654715],[12.549499,55.654598],[12.550181,55.655124],[12.550501,55.655381],[12.550982,55.655262],[12.551111,55.655217],[12.551207,55.655157],[12.551266,55.655097],[12.551303,55.655025],[12.551391,55.654734],[12.551433,55.654668],[12.5515,55.654615],[12.551587,55.654572],[12.551685,55.654532],[12.55185,55.65449],[12.552379,55.654362],[12.552512,55.654549],[12.552745,55.654435],[12.554315,55.654044],[12.554335,55.654067],[12.555208,55.653856],[12.555231,55.653853],[12.555254,55.653851],[12.555277,55.653849],[12.555301,55.653848],[12.555325,55.653848],[12.555338,55.653848],[12.55544,55.653844],[12.555876,55.653743],[12.555857,55.653718],[12.55609,55.653663],[12.556141,55.653728],[12.556244,55.653699],[12.556272,55.653683],[12.556305,55.653664],[12.556324,55.653656],[12.556378,55.653641],[12.556601,55.653612],[12.556797,55.653557],[12.556961,55.653517],[12.556969,55.65351],[12.556969,55.65351],[12.556983,55.653502],[12.556996,55.653496],[12.557008,55.653492],[12.557027,55.653487],[12.557049,55.653485],[12.557069,55.653485],[12.557089,55.653486],[12.55725,55.653441],[12.557276,55.653423],[12.557326,55.653401],[12.557392,55.653377],[12.557532,55.653328],[12.557748,55.653264],[12.558003,55.6532],[12.558159,55.653168],[12.558349,55.653145],[12.558363,55.653147],[12.558376,55.653151],[12.558383,55.653154],[12.558391,55.65316],[12.558395,55.653164],[12.558602,55.653115],[12.560223,55.655216],[12.56035,55.655161],[12.56028,55.65507],[12.560632,55.65498],[12.560854,55.65527],[12.561638,55.655865],[12.561527,55.655911],[12.56191,55.656198],[12.561529,55.65636],[12.561221,55.656558],[12.56127,55.656603],[12.559992,55.657018],[12.55947,55.658174],[12.559107,55.658959],[12.558392,55.658855],[12.558165,55.659298],[12.557133,55.659173],[12.557094,55.65885],[12.55708,55.658805],[12.557064,55.65876],[12.557045,55.658716],[12.557025,55.658672],[12.557003,55.658628],[12.556979,55.658584],[12.556953,55.658541],[12.556925,55.658498],[12.556895,55.658455],[12.556864,55.658413],[12.55683,55.658372],[12.556795,55.658331],[12.556757,55.65829],[12.556718,55.65825],[12.556678,55.65821],[12.556635,55.658172],[12.556591,55.658133],[12.556545,55.658096],[12.556497,55.658059],[12.556448,55.658022],[12.556397,55.657987],[12.556345,55.657952],[12.556291,55.657918],[12.556235,55.657885],[12.556179,55.657852],[12.55612,55.65782],[12.556061,55.65779],[12.555999,55.65776],[12.555937,55.657731],[12.555873,55.657702],[12.555809,55.657675],[12.555743,55.657649],[12.555675,55.657623],[12.555607,55.657599],[12.555538,55.657575],[12.555467,55.657553],[12.555396,55.657531],[12.555323,55.657511],[12.55525,55.657491],[12.555176,55.657473],[12.555101,55.657456],[12.555026,55.65744],[12.554949,55.657424],[12.554872,55.65741],[12.554869,55.65741],[12.554169,55.657285],[12.552791,55.657086],[12.548197,55.65642],[12.545828,55.656086],[12.544329,55.655686],[12.543835,55.655386],[12.543233,55.654916],[12.5424,55.654053],[12.543137,55.653543],[12.544297,55.653113],[12.545415,55.652718],[12.545487,55.65258],[12.545218,55.651616],[12.543293,55.649926],[12.543248,55.649922],[12.541807,55.650438],[12.541477,55.650482],[12.541116,55.650155],[12.543338,55.649358],[12.543536,55.649414],[12.545155,55.647337],[12.546631,55.647275],[12.547082,55.648443],[12.5471,55.648436],[12.547144,55.648477],[12.549933,55.647465],[12.549892,55.647426],[12.550265,55.647291],[12.550312,55.647331],[12.551521,55.646891],[12.551479,55.646852],[12.551496,55.646846],[12.551452,55.646808],[12.551702,55.646717],[12.551746,55.646755],[12.551773,55.646746],[12.551813,55.646785],[12.5529,55.64639],[12.552859,55.646353],[12.552874,55.646347],[12.552834,55.646312],[12.55308,55.646224],[12.553119,55.646259],[12.553138,55.646253],[12.553266,55.646364],[12.553823,55.646399],[12.553874,55.646376],[12.553969,55.646464],[12.553893,55.646459],[12.553906,55.6465],[12.553575,55.64648],[12.553527,55.64657],[12.553785,55.646701],[12.553744,55.646789],[12.553888,55.646833],[12.554079,55.646781],[12.554222,55.646822],[12.554352,55.646738],[12.554146,55.646556],[12.554132,55.646479],[12.554065,55.64647],[12.553927,55.646352],[12.553994,55.646322],[12.554804,55.646894],[12.553218,55.647603]]],[[[12.525824,55.652177],[12.527551,55.651864],[12.526164,55.656584],[12.523051,55.65645],[12.523704,55.652888],[12.525824,55.652177]]]]}},{"type":"Feature","properties":{"name":"Skolen på Amagerbro","schoolIds":["101050"]},"geometry":{"type":"MultiPolygon","coordinates":[[[[12.605238,55.671497],[12.605297,55.671575],[12.605402,55.671626],[12.605684,55.671532],[12.606735,55.670642],[12.607608,55.669904],[12.60805,55.669456],[12.60807,55.669433],[12.608119,55.669372],[12.608977,55.669483],[12.609731,55.669536],[12.610361,55.669553],[12.611207,55.66955],[12.611579,55.66953],[12.611922,55.669504],[12.618257,55.668884],[12.618227,55.668783],[12.618191,55.668741],[12.618139,55.668705],[12.618074,55.668676],[12.618,55.668656],[12.617994,55.668655],[12.6148,55.667967],[12.611659,55.667286],[12.612397,55.666294],[12.611914,55.666178],[12.60927,55.665635],[12.609879,55.664678],[12.610381,55.664117],[12.611026,55.663419],[12.610416,55.662976],[12.610356,55.66292],[12.609428,55.662583],[12.608784,55.66221],[12.607739,55.661629],[12.607329,55.661435],[12.607593,55.661209],[12.607727,55.661112],[12.607825,55.661056],[12.60802,55.660976],[12.608093,55.660907],[12.609002,55.660296],[12.609374,55.660647],[12.61082,55.662054],[12.612788,55.661688],[12.613206,55.661779],[12.614037,55.660528],[12.611872,55.660079],[12.611035,55.659874],[12.610615,55.659714],[12.610342,55.659565],[12.609513,55.658875],[12.60905,55.658489],[12.608917,55.658381],[12.608737,55.658283],[12.608529,55.658211],[12.607893,55.658058],[12.607728,55.658188],[12.607264,55.658006],[12.605392,55.657094],[12.60459,55.65748],[12.603841,55.657769],[12.602812,55.658165],[12.602792,55.658183],[12.602046,55.658638],[12.601991,55.658673],[12.600608,55.659234],[12.600337,55.659395],[12.600898,55.659666],[12.601648,55.660006],[12.601627,55.660024],[12.602645,55.660454],[12.602717,55.660475],[12.603977,55.661254],[12.602416,55.66253],[12.601902,55.662963],[12.601574,55.663238],[12.601528,55.663287],[12.601356,55.663467],[12.600877,55.663981],[12.600533,55.664353],[12.600238,55.664674],[12.600099,55.664805],[12.599901,55.664992],[12.599468,55.665432],[12.598722,55.665608],[12.598509,55.665269],[12.597021,55.664921],[12.596118,55.665145],[12.596019,55.665169],[12.595953,55.665184],[12.595939,55.665167],[12.595926,55.665153],[12.595901,55.665124],[12.595874,55.665096],[12.59586,55.665082],[12.595846,55.665068],[12.595831,55.665054],[12.595817,55.665041],[12.595802,55.665027],[12.59578,55.665008],[12.595757,55.664989],[12.595734,55.664971],[12.595711,55.664952],[12.595678,55.664927],[12.595644,55.664902],[12.595588,55.664862],[12.595484,55.664794],[12.59541,55.664751],[12.595279,55.664683],[12.59514,55.66462],[12.595128,55.664615],[12.595009,55.664567],[12.594861,55.664515],[12.594708,55.664468],[12.5946,55.664438],[12.594432,55.664402],[12.595034,55.666521],[12.59509,55.666542],[12.595625,55.668381],[12.596256,55.668735],[12.596896,55.668846],[12.597283,55.668897],[12.597669,55.668922],[12.597978,55.668926],[12.598361,55.668908],[12.598403,55.66907],[12.598275,55.669255],[12.599334,55.669477],[12.599653,55.66938],[12.599751,55.669359],[12.599853,55.669345],[12.599957,55.669336],[12.600062,55.669334],[12.600166,55.669339],[12.600269,55.669349],[12.60037,55.669367],[12.600407,55.669375],[12.600503,55.6694],[12.600592,55.669431],[12.600673,55.669467],[12.60075,55.669509],[12.600786,55.669533],[12.600851,55.669582],[12.600906,55.669635],[12.600951,55.669692],[12.600985,55.66975],[12.600993,55.669767],[12.601057,55.669942],[12.603565,55.671031],[12.603798,55.670992],[12.603919,55.670981],[12.604039,55.67098],[12.604163,55.67099],[12.604282,55.671009],[12.6044,55.671038],[12.604604,55.671124],[12.604689,55.67118],[12.604795,55.671287],[12.604859,55.671437],[12.604858,55.671563],[12.605238,55.671497]]]]}},{"type":"Feature","properties":{"name":"Skolen på Islands Brygge","schoolIds":["101059"]},"geometry":{"type":"MultiPolygon","coordinates":[[[[12.568849,55.66173],[12.574927,55.666325],[12.575442,55.666714],[12.576479,55.667498],[12.578469,55.666672],[12.578482,55.666667],[12.579431,55.666255],[12.580197,55.665922],[12.580199,55.665921],[12.581635,55.665314],[12.582485,55.664955],[12.583924,55.664339],[12.584885,55.664088],[12.584812,55.663951],[12.584422,55.662769],[12.584279,55.66241],[12.583645,55.660828],[12.58355,55.660588],[12.57758,55.645649],[12.566426,55.646634],[12.564045,55.642152],[12.563539,55.641481],[12.563293,55.641473],[12.562809,55.641452],[12.562229,55.641418],[12.561604,55.641369],[12.561029,55.641313],[12.560411,55.641241],[12.559974,55.641183],[12.559467,55.641107],[12.558872,55.641025],[12.55823,55.640955],[12.557502,55.640897],[12.55674,55.640861],[12.555912,55.640852],[12.555218,55.640867],[12.55477,55.640887],[12.554405,55.64091],[12.554121,55.640932],[12.553799,55.640962],[12.553397,55.641005],[12.5533,55.641017],[12.552966,55.64106],[12.552555,55.641122],[12.552074,55.641206],[12.551637,55.641294],[12.551396,55.641346],[12.551473,55.641461],[12.551496,55.641488],[12.55153,55.641502],[12.551572,55.641509],[12.553574,55.641155],[12.554034,55.64142],[12.553701,55.641573],[12.551948,55.642216],[12.552481,55.642666],[12.552549,55.642702],[12.552575,55.642726],[12.552984,55.64259],[12.55311,55.642707],[12.553317,55.642636],[12.553515,55.642822],[12.553082,55.642936],[12.553299,55.643051],[12.55392,55.642894],[12.55352,55.642565],[12.55412,55.642348],[12.554204,55.642381],[12.554203,55.642683],[12.554092,55.642688],[12.55409,55.642864],[12.554118,55.643148],[12.554184,55.643148],[12.554194,55.643411],[12.554121,55.643413],[12.554134,55.643555],[12.554172,55.643555],[12.554176,55.643626],[12.554193,55.643651],[12.554229,55.643648],[12.55424,55.643654],[12.554266,55.643654],[12.554283,55.643667],[12.55441,55.643674],[12.554573,55.643659],[12.554761,55.643843],[12.554894,55.643945],[12.559905,55.650445],[12.561944,55.65309],[12.562516,55.653618],[12.562595,55.653689],[12.562645,55.653812],[12.562671,55.654],[12.562696,55.654037],[12.562745,55.654065],[12.563043,55.654235],[12.563663,55.654992],[12.563452,55.655041],[12.567706,55.660551],[12.568042,55.660991],[12.568111,55.66108],[12.568135,55.661112],[12.568196,55.661194],[12.568339,55.661338],[12.568418,55.661404],[12.568849,55.66173]]]]}},{"type":"Feature","properties":{"name":"Skolen på Strandboulevarden","schoolIds":["280425"]},"geometry":{"type":"MultiPolygon","coordinates":[[[[12.583801,55.705671],[12.584359,55.70399],[12.583812,55.703934],[12.584155,55.702827],[12.584225,55.702756],[12.584327,55.702651],[12.58538,55.701313],[12.588474,55.702063],[12.592188,55.702998],[12.592108,55.703679],[12.591888,55.704499],[12.591461,55.705615],[12.591414,55.706834],[12.591414,55.706836],[12.591405,55.706881],[12.591389,55.706925],[12.591365,55.706968],[12.591333,55.707009],[12.591314,55.707028],[12.591294,55.707048],[12.591248,55.707085],[12.591196,55.707118],[12.591138,55.707149],[12.591075,55.707176],[12.591007,55.7072],[12.590935,55.707219],[12.59086,55.707234],[12.590817,55.70724],[12.590782,55.707245],[12.590704,55.707251],[12.590622,55.707253],[12.590574,55.707251],[12.586123,55.706751],[12.586524,55.705943],[12.583801,55.705671]]]]}},{"type":"Feature","properties":{"name":"Skolen ved Dybbølsbro","schoolIds":["101586"]},"geometry":{"type":"MultiPolygon","coordinates":[[[[12.555282,55.669734],[12.555265,55.669761],[12.554069,55.671637],[12.553867,55.67189],[12.553803,55.672506],[12.554728,55.6724],[12.554472,55.673493],[12.555087,55.673527],[12.555177,55.673544],[12.55521,55.673671],[12.556778,55.673915],[12.556989,55.673957],[12.558336,55.674228],[12.55881,55.674326],[12.56037,55.674647],[12.561141,55.673453],[12.56254,55.673948],[12.563468,55.674276],[12.563766,55.674381],[12.563793,55.67439],[12.564477,55.674612],[12.567735,55.671661],[12.567804,55.671604],[12.567804,55.671604],[12.570018,55.66976],[12.572135,55.668182],[12.57279,55.667706],[12.57236,55.667462],[12.572754,55.667206],[12.572705,55.667179],[12.572309,55.667434],[12.572262,55.667407],[12.572097,55.667333],[12.571783,55.667191],[12.571782,55.667192],[12.571158,55.666909],[12.571298,55.66681],[12.571003,55.666676],[12.570861,55.666775],[12.570052,55.66641],[12.569315,55.666077],[12.56858,55.665746],[12.5687,55.66566],[12.56837,55.665512],[12.568249,55.665597],[12.566749,55.664922],[12.5667,55.664669],[12.566676,55.664658],[12.566227,55.664685],[12.565577,55.66439],[12.565568,55.664396],[12.565333,55.664563],[12.565284,55.664541],[12.56529,55.664536],[12.563717,55.663825],[12.563031,55.663514],[12.563196,55.663397],[12.564343,55.663915],[12.56532,55.664356],[12.565384,55.664311],[12.565696,55.664095],[12.565543,55.664025],[12.565864,55.663797],[12.565402,55.663587],[12.565179,55.663486],[12.564764,55.663778],[12.564596,55.663702],[12.563605,55.663254],[12.564015,55.662964],[12.563824,55.662877],[12.56405,55.662712],[12.563883,55.66263],[12.563661,55.662802],[12.563248,55.663094],[12.563211,55.663077],[12.562928,55.663276],[12.563083,55.663346],[12.562919,55.663464],[12.562579,55.66331],[12.562817,55.663147],[12.56344,55.662703],[12.56398,55.662319],[12.563949,55.662305],[12.56409,55.662203],[12.566524,55.663303],[12.565456,55.661902],[12.565385,55.661822],[12.565027,55.661352],[12.564508,55.660665],[12.564574,55.660618],[12.56459,55.660625],[12.564631,55.660597],[12.564614,55.660589],[12.564636,55.660574],[12.56454,55.660531],[12.564516,55.660547],[12.564458,55.660521],[12.564366,55.660482],[12.564118,55.66015],[12.563082,55.659506],[12.564294,55.659126],[12.563596,55.658484],[12.563775,55.658424],[12.563686,55.658344],[12.562704,55.658659],[12.56258,55.658533],[12.563447,55.658257],[12.563484,55.658295],[12.563493,55.658298],[12.563505,55.658298],[12.56375,55.658222],[12.563757,55.658217],[12.563755,55.65821],[12.563689,55.658147],[12.56368,55.658144],[12.56367,55.658145],[12.563641,55.658154],[12.562914,55.657465],[12.562905,55.657462],[12.562894,55.657463],[12.56216,55.657689],[12.561669,55.657729],[12.561633,55.65766],[12.562108,55.657615],[12.562917,55.657279],[12.562544,55.656996],[12.56265,55.65695],[12.561868,55.656371],[12.561528,55.656511],[12.561343,55.656628],[12.561312,55.656638],[12.56127,55.656603],[12.559992,55.657018],[12.55947,55.658174],[12.559107,55.658959],[12.558392,55.658855],[12.558165,55.659298],[12.557133,55.659173],[12.557201,55.659739],[12.557252,55.660501],[12.557427,55.660981],[12.557429,55.660986],[12.557441,55.661032],[12.557456,55.661077],[12.557474,55.661122],[12.557495,55.661167],[12.557519,55.66121],[12.557547,55.661254],[12.557577,55.661297],[12.55761,55.661339],[12.557646,55.66138],[12.557685,55.66142],[12.557726,55.66146],[12.557771,55.661499],[12.557818,55.661536],[12.557867,55.661573],[12.557919,55.661608],[12.557974,55.661642],[12.55803,55.661675],[12.558089,55.661707],[12.558151,55.661738],[12.558214,55.661767],[12.558279,55.661794],[12.558292,55.6618],[12.561464,55.663263],[12.558774,55.665185],[12.557014,55.665553],[12.555192,55.667561],[12.555045,55.667723],[12.555619,55.667982],[12.556184,55.668253],[12.555282,55.669734]]]]}},{"type":"Feature","properties":{"name":"Skolen ved Sundet","schoolIds":["101053"]},"geometry":{"type":"MultiPolygon","coordinates":[[[[12.649899,55.654764],[12.64979,55.654839],[12.649092,55.655252],[12.647742,55.656026],[12.646824,55.656622],[12.645117,55.657811],[12.644405,55.658374],[12.638093,55.657558],[12.636779,55.657353],[12.636494,55.657199],[12.631772,55.656555],[12.629551,55.656253],[12.626281,55.655671],[12.622714,55.654948],[12.624693,55.652707],[12.625485,55.651841],[12.625652,55.65151],[12.625734,55.651347],[12.626565,55.649818],[12.628224,55.646675],[12.628566,55.645914],[12.628633,55.645093],[12.628586,55.644912],[12.628413,55.644303],[12.628586,55.644328],[12.628844,55.644367],[12.630137,55.644561],[12.633836,55.645116],[12.633986,55.64514],[12.634327,55.644405],[12.63448,55.644427],[12.638613,55.645003],[12.646897,55.646161],[12.64783,55.646292],[12.648056,55.646728],[12.648222,55.647069],[12.648546,55.647496],[12.649865,55.647392],[12.649983,55.647385],[12.650107,55.647388],[12.650233,55.647402],[12.650355,55.647428],[12.650469,55.647465],[12.650571,55.647511],[12.650657,55.647564],[12.650726,55.647622],[12.650777,55.647683],[12.650832,55.647861],[12.65082,55.647928],[12.650791,55.647996],[12.650742,55.648063],[12.650673,55.648126],[12.650588,55.648182],[12.650488,55.64823],[12.650379,55.648267],[12.650265,55.648294],[12.650149,55.64831],[12.648942,55.648439],[12.648671,55.648807],[12.648045,55.650176],[12.64787,55.651061],[12.647912,55.651201],[12.648082,55.651422],[12.648107,55.651562],[12.648048,55.651765],[12.648039,55.651891],[12.64803,55.652018],[12.648561,55.652845],[12.64904,55.653574],[12.649051,55.653583],[12.649812,55.654215],[12.650522,55.654519],[12.652081,55.654558],[12.652054,55.654644],[12.650486,55.654628],[12.649899,55.654764]]]]}},{"type":"Feature","properties":{"name":"Sluseholmen Skole","schoolIds":["281060"]},"geometry":{"type":"MultiPolygon","coordinates":[[[[12.551521,55.646891],[12.551479,55.646852],[12.551496,55.646846],[12.551452,55.646808],[12.551702,55.646717],[12.551746,55.646755],[12.551773,55.646746],[12.551813,55.646785],[12.5529,55.64639],[12.552859,55.646353],[12.552874,55.646347],[12.552834,55.646312],[12.55308,55.646224],[12.553119,55.646259],[12.553138,55.646253],[12.553266,55.646364],[12.553823,55.646399],[12.553874,55.646376],[12.553969,55.646464],[12.553893,55.646459],[12.553906,55.6465],[12.553575,55.64648],[12.553527,55.64657],[12.553785,55.646701],[12.553744,55.646789],[12.553888,55.646833],[12.554079,55.646781],[12.554222,55.646822],[12.554352,55.646738],[12.554146,55.646556],[12.554132,55.646479],[12.554065,55.64647],[12.553927,55.646352],[12.553994,55.646322],[12.554804,55.646894],[12.554818,55.646913],[12.554844,55.646948],[12.554884,55.646992],[12.554922,55.647028],[12.554956,55.647057],[12.555025,55.64711],[12.555089,55.647151],[12.55513,55.647175],[12.555186,55.647204],[12.55524,55.647227],[12.555294,55.647245],[12.555341,55.647259],[12.55539,55.647272],[12.555443,55.647284],[12.555516,55.647297],[12.555549,55.647301],[12.555584,55.647304],[12.555621,55.647306],[12.555663,55.647305],[12.555701,55.647304],[12.555738,55.647299],[12.555756,55.647295],[12.555777,55.647289],[12.555795,55.647282],[12.555813,55.647273],[12.555829,55.647263],[12.555843,55.64725],[12.555853,55.647239],[12.555863,55.647223],[12.555873,55.647205],[12.555881,55.647184],[12.555885,55.647168],[12.555887,55.647152],[12.555887,55.647142],[12.555886,55.647132],[12.555883,55.647119],[12.55588,55.647105],[12.555877,55.64709],[12.555864,55.647048],[12.555854,55.647019],[12.555835,55.64698],[12.555821,55.64695],[12.555803,55.646921],[12.55578,55.646892],[12.555761,55.646871],[12.555744,55.646854],[12.555721,55.646834],[12.555695,55.646813],[12.555663,55.646792],[12.555649,55.646783],[12.555636,55.646775],[12.555607,55.646759],[12.555572,55.646742],[12.555547,55.64673],[12.555508,55.646712],[12.555469,55.646694],[12.555434,55.646679],[12.555403,55.646665],[12.555376,55.646654],[12.555338,55.646638],[12.555306,55.646625],[12.555219,55.646589],[12.555184,55.646576],[12.555153,55.646564],[12.555123,55.64655],[12.555055,55.646414],[12.554865,55.646217],[12.554751,55.646135],[12.55468,55.646092],[12.5547,55.646083],[12.554481,55.64592],[12.554426,55.645878],[12.554392,55.645854],[12.55425,55.64575],[12.554217,55.645695],[12.554385,55.645584],[12.55439,55.645544],[12.554352,55.645536],[12.554297,55.645547],[12.55407,55.645676],[12.553948,55.645596],[12.553495,55.645262],[12.552869,55.644809],[12.552847,55.644818],[12.552822,55.644802],[12.552724,55.644867],[12.552605,55.644784],[12.552723,55.644693],[12.552612,55.644608],[12.552733,55.644554],[12.552789,55.644593],[12.553022,55.644488],[12.552816,55.644341],[12.552586,55.644446],[12.552703,55.644532],[12.552584,55.644584],[12.552408,55.644451],[12.552227,55.644517],[12.552126,55.644429],[12.552237,55.644384],[12.552259,55.644356],[12.552244,55.644329],[12.552238,55.644324],[12.552508,55.644211],[12.55258,55.644184],[12.552592,55.644174],[12.552596,55.64416],[12.55257,55.644142],[12.552535,55.644141],[12.552511,55.644145],[12.552468,55.644159],[12.552144,55.64428],[12.551974,55.644177],[12.551772,55.644063],[12.551653,55.64397],[12.551336,55.643783],[12.551151,55.643854],[12.551027,55.643783],[12.551186,55.643715],[12.550855,55.643561],[12.550714,55.643478],[12.550603,55.643435],[12.55058,55.643413],[12.550548,55.643388],[12.550523,55.643362],[12.55045,55.643306],[12.550114,55.643043],[12.549933,55.643013],[12.54987,55.642968],[12.549792,55.643004],[12.54959,55.642998],[12.549181,55.643164],[12.549009,55.643145],[12.549005,55.643029],[12.5494,55.642854],[12.549451,55.642751],[12.549536,55.642712],[12.549481,55.642663],[12.549485,55.64256],[12.54913,55.642263],[12.549129,55.642228],[12.549111,55.642203],[12.548961,55.64207],[12.548943,55.642077],[12.548903,55.642091],[12.548863,55.642105],[12.548823,55.642119],[12.548784,55.642133],[12.548744,55.642148],[12.548704,55.642162],[12.548665,55.642177],[12.548625,55.642191],[12.548586,55.642206],[12.548547,55.64222],[12.548508,55.642235],[12.548468,55.64225],[12.548429,55.642264],[12.54839,55.642279],[12.548351,55.642294],[12.548312,55.642309],[12.548274,55.642324],[12.548235,55.642339],[12.548196,55.642355],[12.548158,55.64237],[12.548119,55.642385],[12.548081,55.6424],[12.548042,55.642416],[12.548004,55.642431],[12.547966,55.642447],[12.547928,55.642462],[12.54789,55.642478],[12.547852,55.642494],[12.547814,55.642509],[12.547776,55.642525],[12.547738,55.642541],[12.5477,55.642557],[12.547663,55.642573],[12.547625,55.642589],[12.547588,55.642605],[12.54755,55.642621],[12.547513,55.642637],[12.547476,55.642654],[12.547439,55.64267],[12.547402,55.642686],[12.547365,55.642703],[12.547328,55.642719],[12.547291,55.642736],[12.547254,55.642753],[12.547217,55.642769],[12.547048,55.642846],[12.546783,55.642973],[12.546748,55.642991],[12.546712,55.643008],[12.546677,55.643026],[12.546641,55.643043],[12.546606,55.643061],[12.546571,55.643079],[12.546536,55.643096],[12.546501,55.643114],[12.546466,55.643132],[12.546431,55.64315],[12.546396,55.643168],[12.546361,55.643186],[12.546327,55.643204],[12.546292,55.643222],[12.546258,55.64324],[12.546224,55.643258],[12.546189,55.643276],[12.546155,55.643294],[12.546121,55.643313],[12.546087,55.643331],[12.546053,55.64335],[12.546019,55.643368],[12.545985,55.643387],[12.545952,55.643405],[12.545918,55.643424],[12.545885,55.643443],[12.545851,55.643461],[12.545818,55.64348],[12.545785,55.643499],[12.545752,55.643518],[12.545719,55.643537],[12.545686,55.643556],[12.545653,55.643575],[12.54562,55.643594],[12.545588,55.643613],[12.545555,55.643632],[12.545523,55.643652],[12.54549,55.643671],[12.545458,55.64369],[12.545426,55.64371],[12.545394,55.643729],[12.545362,55.643749],[12.54533,55.643768],[12.545298,55.643788],[12.545266,55.643807],[12.545234,55.643827],[12.545203,55.643847],[12.545171,55.643867],[12.54514,55.643886],[12.545109,55.643906],[12.545078,55.643926],[12.545047,55.643946],[12.545016,55.643966],[12.544985,55.643986],[12.544954,55.644006],[12.544923,55.644027],[12.544893,55.644047],[12.544862,55.644067],[12.544832,55.644087],[12.544801,55.644108],[12.544771,55.644128],[12.544741,55.644149],[12.544711,55.644169],[12.544681,55.64419],[12.544651,55.64421],[12.544622,55.644231],[12.544592,55.644252],[12.544562,55.644272],[12.544533,55.644293],[12.544504,55.644314],[12.544474,55.644335],[12.544445,55.644356],[12.544416,55.644377],[12.544387,55.644397],[12.544359,55.644419],[12.54433,55.64444],[12.544301,55.644461],[12.544273,55.644482],[12.544244,55.644503],[12.544216,55.644524],[12.544188,55.644546],[12.54416,55.644567],[12.544132,55.644588],[12.544104,55.64461],[12.544076,55.644631],[12.544048,55.644653],[12.544021,55.644674],[12.543993,55.644696],[12.543966,55.644718],[12.543938,55.644739],[12.543911,55.644761],[12.543884,55.644783],[12.543857,55.644804],[12.54383,55.644826],[12.543804,55.644848],[12.543777,55.64487],[12.54375,55.644892],[12.543724,55.644914],[12.543698,55.644936],[12.543671,55.644958],[12.543645,55.64498],[12.543619,55.645002],[12.543593,55.645025],[12.543567,55.645047],[12.543542,55.645069],[12.543516,55.645092],[12.54349,55.645114],[12.543465,55.645136],[12.542524,55.646076],[12.542271,55.646635],[12.542206,55.646779],[12.539762,55.651506],[12.539602,55.651776],[12.539133,55.652567],[12.538463,55.654017],[12.538424,55.65411],[12.540269,55.654602],[12.540178,55.654714],[12.544018,55.655716],[12.544329,55.655686],[12.543835,55.655386],[12.543233,55.654916],[12.5424,55.654053],[12.543137,55.653543],[12.544297,55.653113],[12.545415,55.652718],[12.545487,55.65258],[12.545218,55.651616],[12.543293,55.649926],[12.543248,55.649922],[12.541807,55.650438],[12.541477,55.650482],[12.541116,55.650155],[12.543338,55.649358],[12.543536,55.649414],[12.545155,55.647337],[12.546631,55.647275],[12.547082,55.648443],[12.5471,55.648436],[12.547144,55.648477],[12.549933,55.647465],[12.549892,55.647426],[12.550265,55.647291],[12.550312,55.647331],[12.551521,55.646891]]]]}},{"type":"Feature","properties":{"name":"Sortedamskolen","schoolIds":["101157"]},"geometry":{"type":"MultiPolygon","coordinates":[[[[12.573895,55.695461],[12.577135,55.696987],[12.578653,55.697704],[12.578901,55.697818],[12.57872,55.698124],[12.581262,55.698653],[12.581898,55.698681],[12.583675,55.698767],[12.582961,55.699647],[12.582247,55.700527],[12.582115,55.700478],[12.577764,55.699388],[12.577515,55.699684],[12.577456,55.699742],[12.577441,55.701574],[12.577432,55.702768],[12.577434,55.703292],[12.577438,55.704448],[12.577429,55.704987],[12.577276,55.704986],[12.575203,55.704966],[12.571961,55.706714],[12.570539,55.707483],[12.570358,55.70779],[12.570064,55.707732],[12.569413,55.707609],[12.56491,55.706781],[12.562987,55.706442],[12.562717,55.70549],[12.562637,55.705212],[12.562487,55.704138],[12.562371,55.703066],[12.562314,55.702533],[12.561821,55.698194],[12.561648,55.696674],[12.561521,55.696361],[12.562697,55.695706],[12.565351,55.694143],[12.566276,55.693681],[12.567985,55.692745],[12.569417,55.691959],[12.570233,55.69253],[12.57237,55.69387],[12.572984,55.694613],[12.573384,55.695095],[12.573895,55.695461]]]]}},{"type":"Feature","properties":{"name":"Strandvejsskolen","schoolIds":["101041"]},"geometry":{"type":"MultiPolygon","coordinates":[[[[12.584442,55.717244],[12.584441,55.717244],[12.584438,55.717245],[12.584349,55.717264],[12.584264,55.717289],[12.584185,55.71732],[12.584113,55.717356],[12.584049,55.717396],[12.583995,55.717441],[12.58395,55.717489],[12.583917,55.717486],[12.583574,55.718782],[12.583454,55.719569],[12.583799,55.719679],[12.58416,55.719768],[12.584537,55.719835],[12.584846,55.719873],[12.585133,55.719896],[12.585259,55.719902],[12.58545,55.719907],[12.585454,55.719939],[12.58526,55.719941],[12.58511,55.719937],[12.584719,55.719912],[12.584492,55.719888],[12.584246,55.719851],[12.584171,55.720007],[12.584098,55.720125],[12.583869,55.720367],[12.583671,55.720561],[12.58325,55.720919],[12.583168,55.72155],[12.583145,55.721831],[12.58047,55.722122],[12.577989,55.722075],[12.577852,55.722234],[12.577753,55.722244],[12.577754,55.722246],[12.577891,55.722857],[12.577861,55.723096],[12.577752,55.723508],[12.576963,55.725605],[12.576035,55.727459],[12.57598,55.727708],[12.576013,55.727896],[12.57643,55.728957],[12.575114,55.729154],[12.575105,55.729197],[12.574054,55.729251],[12.573747,55.729325],[12.573168,55.729406],[12.572478,55.729499],[12.571467,55.729637],[12.569815,55.729862],[12.568524,55.730037],[12.568377,55.730057],[12.568194,55.730081],[12.568053,55.730629],[12.568028,55.730638],[12.567854,55.730623],[12.567661,55.731283],[12.567742,55.731675],[12.567706,55.731659],[12.567732,55.731795],[12.567222,55.731857],[12.567062,55.732471],[12.565794,55.732711],[12.565822,55.732137],[12.566082,55.731291],[12.566117,55.731176],[12.566253,55.730724],[12.566304,55.730554],[12.566346,55.730418],[12.566395,55.730256],[12.566452,55.730066],[12.566514,55.729861],[12.566523,55.729834],[12.566589,55.729615],[12.566664,55.729367],[12.566738,55.72912],[12.566812,55.728874],[12.567027,55.728714],[12.567228,55.728565],[12.567272,55.728532],[12.567328,55.728348],[12.567543,55.727639],[12.567601,55.727629],[12.567645,55.72751],[12.567689,55.727393],[12.567709,55.72734],[12.568257,55.725742],[12.570167,55.723441],[12.570427,55.723004],[12.570436,55.722989],[12.570462,55.722944],[12.570487,55.7229],[12.570512,55.722855],[12.570537,55.72281],[12.570561,55.722765],[12.570585,55.72272],[12.570608,55.722675],[12.570631,55.72263],[12.57066,55.722574],[12.570694,55.722508],[12.570729,55.722442],[12.570765,55.722376],[12.5708,55.722311],[12.570837,55.722245],[12.570874,55.72218],[12.570911,55.722115],[12.570949,55.72205],[12.570986,55.72199],[12.57102,55.721935],[12.571056,55.721879],[12.571092,55.721824],[12.571128,55.721768],[12.571176,55.721697],[12.571221,55.721628],[12.571265,55.72156],[12.57131,55.721491],[12.571353,55.721422],[12.571396,55.721353],[12.571439,55.721285],[12.571481,55.721216],[12.571712,55.720835],[12.571919,55.720488],[12.572346,55.719769],[12.572359,55.719746],[12.572386,55.719701],[12.572414,55.719657],[12.572442,55.719612],[12.572471,55.719568],[12.5725,55.719523],[12.572529,55.719479],[12.572559,55.719435],[12.57259,55.71939],[12.572621,55.719346],[12.572653,55.719302],[12.572692,55.719249],[12.572726,55.719205],[12.572761,55.719161],[12.572797,55.719117],[12.572834,55.719073],[12.572872,55.71903],[12.572911,55.718987],[12.572949,55.718947],[12.573005,55.718887],[12.573062,55.718828],[12.57312,55.718769],[12.573178,55.718711],[12.573238,55.718653],[12.573296,55.718598],[12.573348,55.718548],[12.573402,55.718499],[12.573457,55.718451],[12.573512,55.718402],[12.573569,55.718354],[12.573627,55.718307],[12.573685,55.718259],[12.573745,55.718212],[12.573805,55.718166],[12.573866,55.71812],[12.573928,55.718074],[12.574171,55.717898],[12.574235,55.717857],[12.574297,55.71782],[12.57436,55.71779],[12.574502,55.7177],[12.574569,55.717652],[12.574636,55.717612],[12.574705,55.717573],[12.574774,55.717534],[12.574844,55.717496],[12.574915,55.717458],[12.574987,55.71742],[12.57506,55.717383],[12.575133,55.717346],[12.575207,55.71731],[12.575272,55.717279],[12.575353,55.717242],[12.575435,55.717205],[12.575517,55.717169],[12.5756,55.717133],[12.575682,55.717096],[12.575765,55.717061],[12.575849,55.717025],[12.575932,55.716989],[12.576016,55.716954],[12.576101,55.716919],[12.576185,55.716885],[12.57627,55.71685],[12.576355,55.716816],[12.576422,55.71679],[12.576493,55.716764],[12.576565,55.716739],[12.576637,55.716714],[12.576769,55.716669],[12.577201,55.716523],[12.577224,55.716522],[12.577385,55.716468],[12.577481,55.715728],[12.577494,55.715634],[12.577571,55.7148],[12.57757,55.714785],[12.577528,55.713731],[12.577527,55.713568],[12.577525,55.712923],[12.574902,55.71247],[12.571304,55.711842],[12.570743,55.711753],[12.57045,55.711681],[12.569598,55.711421],[12.569347,55.711364],[12.568658,55.711221],[12.567414,55.710944],[12.566642,55.710773],[12.566273,55.71069],[12.566072,55.710262],[12.566808,55.70892],[12.56402,55.708327],[12.56491,55.706781],[12.569413,55.707609],[12.570064,55.707732],[12.570358,55.70779],[12.572597,55.70823],[12.576806,55.709056],[12.577528,55.709177],[12.578545,55.709223],[12.584352,55.709189],[12.584361,55.709189],[12.584369,55.709189],[12.584378,55.709189],[12.584386,55.709189],[12.584395,55.709189],[12.584403,55.709188],[12.584411,55.709188],[12.58442,55.709187],[12.584428,55.709187],[12.584437,55.709186],[12.584445,55.709185],[12.584453,55.709185],[12.584462,55.709184],[12.58447,55.709183],[12.584478,55.709182],[12.584487,55.709181],[12.584495,55.70918],[12.584503,55.709178],[12.584511,55.709177],[12.584519,55.709176],[12.584527,55.709174],[12.584536,55.709173],[12.584544,55.709171],[12.584551,55.70917],[12.584559,55.709168],[12.584567,55.709166],[12.584575,55.709164],[12.584583,55.709162],[12.584591,55.709161],[12.584598,55.709158],[12.584606,55.709156],[12.584614,55.709154],[12.584621,55.709152],[12.584629,55.70915],[12.584636,55.709147],[12.584643,55.709145],[12.584651,55.709143],[12.584658,55.70914],[12.584665,55.709137],[12.584672,55.709135],[12.584679,55.709132],[12.584686,55.709129],[12.584693,55.709126],[12.584699,55.709124],[12.584706,55.709121],[12.584713,55.709118],[12.584719,55.709115],[12.584726,55.709111],[12.584732,55.709108],[12.584738,55.709105],[12.584744,55.709102],[12.584751,55.709098],[12.584757,55.709095],[12.584758,55.709094],[12.584764,55.709091],[12.58477,55.709089],[12.584775,55.709086],[12.584781,55.709083],[12.584787,55.709081],[12.584793,55.709078],[12.584799,55.709075],[12.584806,55.709073],[12.584812,55.709071],[12.584818,55.709068],[12.584825,55.709066],[12.584831,55.709064],[12.584838,55.709062],[12.584844,55.70906],[12.584851,55.709058],[12.584858,55.709056],[12.584864,55.709054],[12.584871,55.709052],[12.584878,55.70905],[12.584885,55.709049],[12.584892,55.709047],[12.584899,55.709045],[12.584906,55.709044],[12.584913,55.709043],[12.58492,55.709041],[12.584928,55.70904],[12.584935,55.709039],[12.584942,55.709038],[12.584949,55.709037],[12.584957,55.709036],[12.584964,55.709035],[12.584971,55.709034],[12.584979,55.709033],[12.584986,55.709032],[12.584994,55.709032],[12.585001,55.709031],[12.585009,55.709031],[12.585016,55.70903],[12.585024,55.70903],[12.585031,55.709029],[12.585039,55.709029],[12.585046,55.709029],[12.585054,55.709029],[12.585061,55.709029],[12.585069,55.709029],[12.585076,55.709029],[12.585084,55.709029],[12.585092,55.70903],[12.585099,55.70903],[12.585107,55.70903],[12.585114,55.709031],[12.585121,55.709032],[12.585129,55.709032],[12.585136,55.709033],[12.585144,55.709034],[12.585151,55.709035],[12.585159,55.709035],[12.585166,55.709036],[12.585173,55.709037],[12.58518,55.709039],[12.585188,55.70904],[12.585195,55.709041],[12.585202,55.709042],[12.585209,55.709044],[12.585216,55.709045],[12.585223,55.709047],[12.58523,55.709048],[12.585237,55.70905],[12.585244,55.709052],[12.585251,55.709054],[12.585258,55.709056],[12.585264,55.709057],[12.585271,55.709059],[12.585278,55.709062],[12.585284,55.709064],[12.58529,55.709065],[12.585797,55.70919],[12.586972,55.709474],[12.587396,55.709662],[12.589291,55.709912],[12.5891,55.710171],[12.588897,55.710406],[12.588293,55.711002],[12.587306,55.71209],[12.586931,55.712577],[12.588005,55.714082],[12.588073,55.714131],[12.58841,55.71462],[12.588366,55.714631],[12.588277,55.714625],[12.588163,55.714453],[12.587983,55.714414],[12.587887,55.71417],[12.587785,55.714186],[12.58777,55.714161],[12.587584,55.714194],[12.587577,55.714183],[12.586858,55.71435],[12.587014,55.714554],[12.585675,55.716009],[12.585691,55.716039],[12.585774,55.716077],[12.585734,55.716116],[12.585461,55.716021],[12.585307,55.715969],[12.584649,55.715692],[12.58461,55.715695],[12.584571,55.715699],[12.584532,55.715705],[12.5845,55.715718],[12.584473,55.715734],[12.584446,55.715752],[12.584422,55.715769],[12.584401,55.715788],[12.584296,55.716123],[12.584039,55.717026],[12.590511,55.717878],[12.59064,55.717894],[12.590799,55.717908],[12.591011,55.71791],[12.591193,55.717898],[12.591361,55.717878],[12.591492,55.717854],[12.5916,55.717821],[12.591691,55.717786],[12.591805,55.717723],[12.591853,55.717689],[12.591891,55.717656],[12.591957,55.717587],[12.591977,55.717559],[12.592004,55.717549],[12.592029,55.717548],[12.592054,55.717552],[12.592081,55.717568],[12.592083,55.717588],[12.592067,55.717603],[12.591986,55.717636],[12.591948,55.717674],[12.591903,55.717714],[12.591828,55.717764],[12.591729,55.717821],[12.591755,55.717846],[12.591615,55.717895],[12.591596,55.71787],[12.591439,55.717905],[12.591457,55.717931],[12.591102,55.718012],[12.591337,55.718358],[12.592364,55.718123],[12.592404,55.718114],[12.592215,55.717843],[12.592215,55.717829],[12.592218,55.717826],[12.592229,55.717819],[12.592325,55.717796],[12.592342,55.717796],[12.592354,55.7178],[12.592362,55.71781],[12.592362,55.71782],[12.592356,55.717826],[12.592347,55.717832],[12.59229,55.717847],[12.592661,55.718365],[12.592664,55.718371],[12.592667,55.718377],[12.592668,55.718384],[12.592668,55.71839],[12.592667,55.718396],[12.592663,55.718405],[12.592659,55.718412],[12.592651,55.71842],[12.592639,55.718428],[12.592628,55.718435],[12.592583,55.718458],[12.592532,55.718481],[12.592481,55.718504],[12.592374,55.718546],[12.59232,55.718565],[12.592263,55.718583],[12.592206,55.718601],[12.592149,55.718617],[12.59209,55.718632],[12.592027,55.718646],[12.591969,55.71866],[12.591908,55.718671],[12.591847,55.718682],[12.591783,55.718692],[12.591654,55.718708],[12.591592,55.718714],[12.591527,55.718719],[12.591463,55.718723],[12.5914,55.718726],[12.591334,55.718727],[12.59127,55.718728],[12.591205,55.718727],[12.591139,55.718725],[12.591073,55.718722],[12.591009,55.718717],[12.590944,55.718712],[12.59088,55.718704],[12.590818,55.718697],[12.589081,55.718465],[12.589019,55.718456],[12.588956,55.718448],[12.588877,55.718437],[12.588796,55.718426],[12.588706,55.718414],[12.588622,55.718401],[12.588531,55.718383],[12.588438,55.718364],[12.588348,55.718344],[12.588259,55.718321],[12.588243,55.718317],[12.588111,55.718268],[12.588041,55.718245],[12.587974,55.718222],[12.587919,55.718202],[12.587861,55.718179],[12.587803,55.718156],[12.587746,55.71813],[12.587687,55.718103],[12.587635,55.718077],[12.587586,55.718051],[12.58754,55.718027],[12.587495,55.718001],[12.587454,55.717976],[12.58676,55.717551],[12.58665,55.717537],[12.586571,55.717526],[12.586457,55.717511],[12.584442,55.717244]]]]}},{"type":"Feature","properties":{"name":"Sundbyøster Skole","schoolIds":["101055"]},"geometry":{"type":"MultiPolygon","coordinates":[[[[12.609053,55.656785],[12.609477,55.656135],[12.609881,55.655574],[12.610133,55.65519],[12.610155,55.655107],[12.610495,55.654635],[12.610721,55.65422],[12.610975,55.653707],[12.611058,55.653541],[12.611115,55.653424],[12.611229,55.653189],[12.611245,55.65316],[12.611511,55.652556],[12.611638,55.652268],[12.611917,55.651636],[12.612494,55.650355],[12.616633,55.651014],[12.616591,55.651089],[12.620433,55.651687],[12.620774,55.650744],[12.625652,55.65151],[12.625485,55.651841],[12.624693,55.652707],[12.622714,55.654948],[12.619764,55.658343],[12.618733,55.659749],[12.618358,55.660292],[12.617878,55.661041],[12.616438,55.660878],[12.615273,55.660784],[12.614037,55.660528],[12.611872,55.660079],[12.611035,55.659874],[12.610615,55.659714],[12.610342,55.659565],[12.609513,55.658875],[12.60905,55.658489],[12.608917,55.658381],[12.608737,55.658283],[12.608529,55.658211],[12.607893,55.658058],[12.60859,55.657475],[12.608612,55.657442],[12.609053,55.656785]]]]}},{"type":"Feature","properties":{"name":"Sølvgades Skole","schoolIds":["101005"]},"geometry":{"type":"MultiPolygon","coordinates":[[[[12.557717,55.682137],[12.558886,55.681677],[12.560352,55.681088],[12.561304,55.681999],[12.562965,55.681683],[12.563801,55.682372],[12.565073,55.683462],[12.566514,55.684669],[12.567379,55.68419],[12.571218,55.68273],[12.571507,55.682916],[12.572034,55.682096],[12.572226,55.681795],[12.572458,55.681497],[12.572562,55.681372],[12.572702,55.681138],[12.572911,55.680788],[12.574338,55.681117],[12.575215,55.681421],[12.576443,55.681066],[12.576688,55.680995],[12.577256,55.680855],[12.577903,55.680656],[12.578272,55.680511],[12.578283,55.680506],[12.578356,55.680472],[12.578428,55.680437],[12.578497,55.6804],[12.578564,55.680362],[12.578629,55.680323],[12.578692,55.680283],[12.578752,55.680241],[12.578809,55.680198],[12.578864,55.680155],[12.578917,55.68011],[12.578966,55.680064],[12.579013,55.680017],[12.579058,55.67997],[12.579099,55.679922],[12.579137,55.679872],[12.579173,55.679823],[12.579737,55.678971],[12.579908,55.679009],[12.581303,55.679279],[12.581874,55.67942],[12.582477,55.679633],[12.583574,55.68002],[12.584214,55.680181],[12.585026,55.680318],[12.584815,55.680807],[12.584906,55.680946],[12.585286,55.68143],[12.587379,55.680877],[12.587827,55.681398],[12.586596,55.682177],[12.586036,55.682328],[12.587142,55.683621],[12.587206,55.683695],[12.588526,55.685256],[12.588993,55.685807],[12.587379,55.686242],[12.587103,55.685936],[12.58702,55.685958],[12.585673,55.686317],[12.58249,55.687165],[12.581923,55.686525],[12.578404,55.687482],[12.576705,55.686616],[12.576164,55.686289],[12.573771,55.684569],[12.57056,55.685404],[12.569244,55.685746],[12.565901,55.686615],[12.56536,55.686123],[12.563815,55.686707],[12.563655,55.686768],[12.563377,55.686883],[12.562629,55.68714],[12.562228,55.686798],[12.56167,55.686259],[12.559904,55.684424],[12.55807,55.682517],[12.55786,55.682329],[12.557717,55.682137]]]]}},{"type":"Feature","properties":{"name":"Tagensbo Skole","schoolIds":["101029"]},"geometry":{"type":"MultiPolygon","coordinates":[[[[12.537535,55.701048],[12.538184,55.70233],[12.538207,55.702384],[12.53823,55.702437],[12.538254,55.702491],[12.538279,55.702544],[12.538304,55.702597],[12.538329,55.702651],[12.538355,55.702704],[12.538382,55.702757],[12.538409,55.70281],[12.538436,55.702863],[12.538464,55.702915],[12.538492,55.702968],[12.538521,55.703021],[12.538551,55.703073],[12.538581,55.703126],[12.538642,55.70323],[12.538673,55.703283],[12.538705,55.703335],[12.538737,55.703387],[12.53877,55.703438],[12.538803,55.70349],[12.538837,55.703542],[12.538871,55.703594],[12.538906,55.703645],[12.538941,55.703697],[12.538977,55.703748],[12.539013,55.703799],[12.539049,55.70385],[12.539086,55.703901],[12.539124,55.703952],[12.539162,55.704003],[12.5392,55.704053],[12.53922,55.704079],[12.539239,55.704104],[12.539279,55.704154],[12.539319,55.704205],[12.539339,55.70423],[12.539359,55.704255],[12.5394,55.704305],[12.539441,55.704355],[12.539483,55.704405],[12.539525,55.704454],[12.53961,55.704553],[12.539654,55.704603],[12.539685,55.704637],[12.539787,55.70475],[12.539833,55.704798],[12.539925,55.704896],[12.540019,55.704992],[12.540114,55.705088],[12.540212,55.705184],[12.540311,55.705279],[12.540386,55.70535],[12.540444,55.705403],[12.540514,55.705467],[12.540625,55.705566],[12.540725,55.705652],[12.540778,55.705698],[12.540832,55.705744],[12.540895,55.705796],[12.540942,55.705836],[12.540997,55.705881],[12.541166,55.706016],[12.541219,55.706058],[12.54128,55.706105],[12.541338,55.70615],[12.541397,55.706194],[12.541464,55.706245],[12.541514,55.706282],[12.541536,55.706298],[12.541574,55.706325],[12.541634,55.706369],[12.541755,55.706455],[12.541877,55.706541],[12.54193,55.706578],[12.544966,55.708381],[12.546553,55.709323],[12.54673,55.709211],[12.553084,55.711434],[12.552434,55.711824],[12.55241,55.711819],[12.552341,55.711803],[12.552317,55.711798],[12.552294,55.711793],[12.552271,55.711788],[12.55224,55.711782],[12.5522,55.711774],[12.552153,55.711764],[12.552109,55.711756],[12.552082,55.711751],[12.552058,55.711746],[12.552034,55.711742],[12.55201,55.711738],[12.551939,55.711725],[12.551866,55.711714],[12.551818,55.711706],[12.551721,55.711692],[12.551673,55.711686],[12.551627,55.71168],[12.551575,55.711673],[12.551527,55.711668],[12.551501,55.711665],[12.551428,55.711657],[12.551395,55.711654],[12.551354,55.711649],[12.551323,55.711647],[12.551279,55.711643],[12.551205,55.711637],[12.551156,55.711633],[12.551106,55.71163],[12.551031,55.711625],[12.550981,55.711623],[12.550882,55.711618],[12.550832,55.711616],[12.550782,55.711615],[12.550732,55.711614],[12.550682,55.711613],[12.550632,55.711612],[12.550579,55.711612],[12.550507,55.711612],[12.550381,55.711613],[12.550306,55.711615],[12.550257,55.711617],[12.550232,55.711617],[12.550207,55.711618],[12.550182,55.711619],[12.550157,55.71162],[12.550132,55.711622],[12.550107,55.711623],[12.550082,55.711624],[12.550057,55.711625],[12.550032,55.711627],[12.550007,55.711628],[12.549982,55.71163],[12.549957,55.711632],[12.549933,55.711633],[12.549908,55.711635],[12.549883,55.711637],[12.549858,55.711639],[12.549834,55.711641],[12.549809,55.711643],[12.549784,55.711645],[12.549759,55.711647],[12.549735,55.71165],[12.54971,55.711652],[12.549685,55.711655],[12.549661,55.711657],[12.549636,55.71166],[12.549611,55.711662],[12.549587,55.711665],[12.549562,55.711668],[12.549538,55.711671],[12.549513,55.711674],[12.549489,55.711677],[12.549465,55.71168],[12.54944,55.711683],[12.549416,55.711686],[12.549391,55.711689],[12.549367,55.711693],[12.549343,55.711696],[12.549319,55.711699],[12.549294,55.711703],[12.54927,55.711707],[12.549246,55.71171],[12.549222,55.711714],[12.549198,55.711718],[12.549174,55.711722],[12.54915,55.711726],[12.549126,55.71173],[12.549102,55.711734],[12.549078,55.711738],[12.549054,55.711742],[12.54903,55.711747],[12.549007,55.711751],[12.548983,55.711756],[12.548959,55.71176],[12.548935,55.711765],[12.548912,55.711769],[12.548888,55.711774],[12.548865,55.711779],[12.548841,55.711784],[12.548818,55.711789],[12.548794,55.711794],[12.548771,55.711799],[12.548748,55.711804],[12.548724,55.711809],[12.548701,55.711814],[12.548678,55.71182],[12.548655,55.711825],[12.548632,55.71183],[12.548609,55.711836],[12.548586,55.711842],[12.548563,55.711847],[12.54854,55.711853],[12.548517,55.711859],[12.548494,55.711865],[12.548472,55.711871],[12.548449,55.711877],[12.548426,55.711883],[12.548404,55.711889],[12.548381,55.711895],[12.548359,55.711901],[12.548337,55.711907],[12.548314,55.711914],[12.548292,55.71192],[12.54827,55.711927],[12.548248,55.711933],[12.548225,55.71194],[12.548203,55.711947],[12.548181,55.711953],[12.54816,55.71196],[12.548138,55.711967],[12.548116,55.711974],[12.548094,55.711981],[12.548073,55.711988],[12.548051,55.711995],[12.548029,55.712002],[12.548008,55.71201],[12.547987,55.712017],[12.547965,55.712024],[12.547944,55.712032],[12.547923,55.712039],[12.547902,55.712047],[12.54788,55.712055],[12.547859,55.712062],[12.547839,55.71207],[12.547818,55.712078],[12.547797,55.712086],[12.547776,55.712094],[12.547756,55.712102],[12.547735,55.71211],[12.547714,55.712118],[12.547694,55.712126],[12.547674,55.712134],[12.547653,55.712142],[12.547633,55.712151],[12.547613,55.712159],[12.547593,55.712168],[12.547573,55.712176],[12.547553,55.712185],[12.547533,55.712193],[12.547514,55.712202],[12.547494,55.712211],[12.547474,55.712219],[12.547455,55.712228],[12.547435,55.712237],[12.547416,55.712246],[12.547397,55.712255],[12.547378,55.712264],[12.547359,55.712273],[12.547339,55.712283],[12.547321,55.712292],[12.547302,55.712301],[12.547283,55.71231],[12.547264,55.71232],[12.547246,55.712329],[12.547227,55.712339],[12.547209,55.712348],[12.54719,55.712358],[12.547172,55.712368],[12.547154,55.712377],[12.547136,55.712387],[12.547118,55.712397],[12.5471,55.712407],[12.547082,55.712417],[12.547064,55.712427],[12.547047,55.712437],[12.547029,55.712447],[12.547012,55.712457],[12.546994,55.712467],[12.546977,55.712477],[12.54696,55.712487],[12.546943,55.712498],[12.546926,55.712508],[12.546909,55.712519],[12.546892,55.712529],[12.546883,55.712535],[12.546877,55.712541],[12.546872,55.712547],[12.546866,55.712553],[12.546861,55.712559],[12.546856,55.712565],[12.546851,55.712571],[12.546846,55.712577],[12.546841,55.712584],[12.546836,55.71259],[12.546832,55.712596],[12.546827,55.712602],[12.546823,55.712609],[12.546819,55.712615],[12.546814,55.712621],[12.54681,55.712628],[12.546807,55.712634],[12.546803,55.712641],[12.546799,55.712647],[12.546796,55.712654],[12.546792,55.71266],[12.546789,55.712667],[12.546786,55.712673],[12.546783,55.71268],[12.54678,55.712686],[12.546777,55.712693],[12.546774,55.7127],[12.546772,55.712706],[12.546769,55.712713],[12.546767,55.71272],[12.546765,55.712726],[12.546763,55.712733],[12.546761,55.71274],[12.546759,55.712746],[12.546758,55.712753],[12.546756,55.71276],[12.546755,55.712766],[12.546753,55.712773],[12.546752,55.71278],[12.546752,55.712781],[12.546749,55.712816],[12.546745,55.712869],[12.546739,55.712922],[12.546732,55.712975],[12.546724,55.713027],[12.546715,55.71308],[12.546704,55.713132],[12.546693,55.713185],[12.54668,55.713237],[12.546666,55.713289],[12.546651,55.713342],[12.546635,55.713394],[12.546618,55.713446],[12.546599,55.713497],[12.54658,55.713549],[12.546559,55.713601],[12.546538,55.713652],[12.546515,55.713703],[12.546491,55.713754],[12.546466,55.713805],[12.54644,55.713856],[12.546413,55.713907],[12.546384,55.713957],[12.546355,55.714007],[12.546325,55.714057],[12.546293,55.714107],[12.54626,55.714156],[12.546227,55.714206],[12.546192,55.714255],[12.546156,55.714304],[12.546119,55.714352],[12.546116,55.714356],[12.545291,55.715432],[12.543488,55.717842],[12.542014,55.719671],[12.541386,55.719534],[12.541304,55.719515],[12.541225,55.719494],[12.541147,55.71947],[12.541072,55.719444],[12.540999,55.719416],[12.540929,55.719386],[12.540862,55.719354],[12.540798,55.71932],[12.540737,55.719284],[12.540727,55.719278],[12.540616,55.719201],[12.540505,55.719101],[12.539062,55.717389],[12.539041,55.717369],[12.539001,55.71733],[12.538962,55.71729],[12.538926,55.717249],[12.538891,55.717208],[12.538858,55.717166],[12.538827,55.717124],[12.538798,55.717082],[12.538766,55.717033],[12.538726,55.716986],[12.538684,55.716939],[12.538641,55.716893],[12.538596,55.716847],[12.538549,55.716802],[12.5385,55.716757],[12.53845,55.716713],[12.538437,55.716702],[12.538397,55.71667],[12.538344,55.716627],[12.538288,55.716585],[12.538231,55.716544],[12.538172,55.716503],[12.538112,55.716463],[12.53805,55.716424],[12.537987,55.716382],[12.537928,55.716339],[12.537868,55.716296],[12.53781,55.716252],[12.537751,55.716208],[12.537693,55.716164],[12.537636,55.71612],[12.537578,55.716076],[12.537522,55.716031],[12.537465,55.715987],[12.537409,55.715942],[12.537354,55.715897],[12.537299,55.715852],[12.537244,55.715807],[12.53719,55.715761],[12.537136,55.715716],[12.537083,55.71567],[12.53703,55.715624],[12.536977,55.715578],[12.536925,55.715532],[12.536873,55.715485],[12.536822,55.715439],[12.536771,55.715392],[12.536721,55.715345],[12.536671,55.715298],[12.536621,55.715251],[12.536572,55.715204],[12.536523,55.715157],[12.536475,55.715109],[12.536427,55.715061],[12.53638,55.715014],[12.536333,55.714966],[12.536287,55.714918],[12.536241,55.714869],[12.536195,55.714821],[12.53615,55.714772],[12.536106,55.714724],[12.536061,55.714675],[12.536018,55.714626],[12.535974,55.714577],[12.535932,55.714528],[12.535889,55.714479],[12.535847,55.714429],[12.535806,55.71438],[12.535765,55.71433],[12.535724,55.71428],[12.535684,55.71423],[12.535645,55.71418],[12.535606,55.71413],[12.535567,55.71408],[12.535548,55.714055],[12.535102,55.713473],[12.534978,55.713269],[12.534953,55.713227],[12.534925,55.713181],[12.534894,55.713136],[12.534861,55.713092],[12.534826,55.713048],[12.53479,55.713004],[12.534752,55.712961],[12.534712,55.712919],[12.53467,55.712877],[12.534626,55.712835],[12.534581,55.712794],[12.534534,55.712754],[12.534485,55.712715],[12.534434,55.712676],[12.534382,55.712637],[12.534329,55.7126],[12.534273,55.712563],[12.534217,55.712527],[12.534158,55.712492],[12.534099,55.712458],[12.534038,55.712424],[12.533975,55.712391],[12.533959,55.712383],[12.533905,55.712356],[12.53384,55.712325],[12.533773,55.712295],[12.533705,55.712266],[12.533636,55.712238],[12.533565,55.71221],[12.533494,55.712184],[12.533421,55.712159],[12.533348,55.712134],[12.533273,55.712111],[12.533254,55.712105],[12.532085,55.711875],[12.532071,55.712237],[12.531995,55.712835],[12.53188,55.713335],[12.531174,55.715653],[12.53112,55.716342],[12.53119,55.717009],[12.531445,55.718121],[12.528431,55.718859],[12.528156,55.718946],[12.528055,55.718907],[12.527988,55.71888],[12.52792,55.718854],[12.527851,55.718829],[12.527782,55.718804],[12.527712,55.71878],[12.527641,55.718756],[12.52757,55.718733],[12.527499,55.71871],[12.527427,55.718688],[12.527354,55.718666],[12.527281,55.718646],[12.527207,55.718625],[12.527133,55.718605],[12.527058,55.718586],[12.526983,55.718568],[12.52696,55.718562],[12.524312,55.717918],[12.524249,55.717901],[12.524154,55.717875],[12.524059,55.717848],[12.523965,55.717821],[12.523872,55.717794],[12.523779,55.717765],[12.523687,55.717737],[12.523595,55.717707],[12.523504,55.717677],[12.523413,55.717647],[12.523323,55.717616],[12.523233,55.717584],[12.523144,55.717552],[12.523056,55.71752],[12.522969,55.717486],[12.522882,55.717453],[12.522795,55.717418],[12.52271,55.717384],[12.522625,55.717348],[12.522541,55.717312],[12.522457,55.717276],[12.522374,55.717239],[12.522292,55.717202],[12.52221,55.717164],[12.52213,55.717126],[12.52205,55.717087],[12.521971,55.717047],[12.521892,55.717008],[12.521814,55.716967],[12.521738,55.716926],[12.521661,55.716885],[12.521586,55.716843],[12.521512,55.716801],[12.521456,55.716769],[12.521365,55.716716],[12.521293,55.716672],[12.521222,55.716628],[12.521151,55.716584],[12.521082,55.716539],[12.521013,55.716494],[12.520946,55.716448],[12.520879,55.716402],[12.520813,55.716355],[12.520748,55.716309],[12.520684,55.716261],[12.52062,55.716214],[12.520558,55.716166],[12.520497,55.716117],[12.520436,55.716068],[12.520377,55.716019],[12.520318,55.71597],[12.52026,55.71592],[12.520204,55.715869],[12.520148,55.715819],[12.520093,55.715768],[12.520075,55.715751],[12.519907,55.715578],[12.521028,55.713121],[12.521877,55.711274],[12.523372,55.71142],[12.523361,55.709648],[12.525779,55.709167],[12.525332,55.708927],[12.524453,55.7091],[12.524199,55.70874],[12.524985,55.708557],[12.522439,55.707331],[12.522439,55.707331],[12.525372,55.706384],[12.525068,55.706123],[12.526274,55.705711],[12.527362,55.70526],[12.528001,55.705765],[12.530151,55.704901],[12.530741,55.704206],[12.531959,55.705409],[12.532103,55.705606],[12.532103,55.705305],[12.533525,55.70232],[12.533571,55.702163],[12.533516,55.701984],[12.533439,55.701812],[12.53359,55.701766],[12.534691,55.701562],[12.537535,55.701048]]]]}},{"type":"Feature","properties":{"name":"Tingbjerg Skole","schoolIds":["101023"]},"geometry":{"type":"MultiPolygon","coordinates":[[[[12.503302,55.711684],[12.503302,55.711684],[12.503371,55.711749],[12.503446,55.711875],[12.503449,55.711926],[12.503468,55.712042],[12.503473,55.712135],[12.503486,55.71218],[12.503506,55.712222],[12.503511,55.71223],[12.503545,55.712285],[12.503598,55.712339],[12.503668,55.712399],[12.503723,55.712432],[12.503837,55.712481],[12.50399,55.712523],[12.504219,55.712557],[12.504361,55.71259],[12.504827,55.712764],[12.504183,55.71336],[12.503646,55.713859],[12.502989,55.714454],[12.502472,55.714934],[12.502045,55.715358],[12.501543,55.715816],[12.501185,55.71614],[12.500763,55.716484],[12.500329,55.716846],[12.500307,55.716866],[12.49997,55.717166],[12.499757,55.717401],[12.499583,55.717667],[12.499396,55.717919],[12.499382,55.717938],[12.499366,55.717969],[12.499339,55.718019],[12.49931,55.718069],[12.499278,55.718119],[12.499245,55.718169],[12.49921,55.718218],[12.499173,55.718266],[12.499135,55.718314],[12.499094,55.718362],[12.499052,55.718409],[12.499007,55.718456],[12.498961,55.718502],[12.498914,55.718547],[12.498864,55.718592],[12.498813,55.718637],[12.49876,55.71868],[12.498705,55.718723],[12.498649,55.718765],[12.498591,55.718807],[12.498532,55.718848],[12.498471,55.718888],[12.498425,55.718916],[12.49816,55.719082],[12.492344,55.722704],[12.490687,55.723607],[12.49044,55.723748],[12.490316,55.723808],[12.489426,55.724171],[12.488702,55.724492],[12.48431,55.724771],[12.477494,55.722101],[12.477106,55.721036],[12.476698,55.720846],[12.476295,55.720728],[12.476245,55.720705],[12.475636,55.720429],[12.475446,55.720371],[12.474306,55.719848],[12.473602,55.719451],[12.473239,55.719177],[12.472864,55.718867],[12.470621,55.718864],[12.469366,55.715938],[12.472646,55.716599],[12.472745,55.716656],[12.472835,55.71672],[12.472882,55.716773],[12.472977,55.716839],[12.473046,55.716879],[12.473144,55.716908],[12.473796,55.717047],[12.475136,55.717321],[12.476149,55.717521],[12.476338,55.717546],[12.476511,55.717538],[12.476707,55.717511],[12.476931,55.717461],[12.477394,55.7173],[12.477948,55.71711],[12.477204,55.715688],[12.476468,55.714306],[12.476387,55.714128],[12.476325,55.713947],[12.476281,55.713764],[12.476266,55.713673],[12.476251,55.713532],[12.476248,55.713443],[12.47625,55.713305],[12.476264,55.713167],[12.476268,55.713137],[12.476277,55.713082],[12.476287,55.713029],[12.476308,55.712938],[12.476338,55.712834],[12.476415,55.712845],[12.476494,55.712854],[12.476573,55.71286],[12.476653,55.712863],[12.476733,55.712864],[12.476813,55.712862],[12.476891,55.712858],[12.476972,55.712851],[12.47705,55.712841],[12.477127,55.712829],[12.477203,55.712815],[12.477277,55.712798],[12.477389,55.712767],[12.478198,55.71255],[12.478991,55.712315],[12.48554,55.710081],[12.485658,55.709166],[12.48577,55.708847],[12.485803,55.708809],[12.485945,55.70874],[12.486027,55.708726],[12.486112,55.708718],[12.486195,55.708712],[12.486278,55.708707],[12.486361,55.708705],[12.486444,55.708704],[12.486527,55.708705],[12.48661,55.708708],[12.486693,55.708712],[12.486776,55.708719],[12.486858,55.708727],[12.486939,55.708737],[12.48702,55.708748],[12.4871,55.708762],[12.48718,55.708777],[12.487255,55.708793],[12.48733,55.70881],[12.487404,55.708828],[12.487477,55.708847],[12.487549,55.708867],[12.487621,55.708888],[12.487691,55.70891],[12.48776,55.708933],[12.487829,55.708957],[12.488057,55.709038],[12.488124,55.709069],[12.488181,55.709106],[12.488225,55.709149],[12.488248,55.709182],[12.489132,55.710491],[12.489138,55.710499],[12.489174,55.710545],[12.489214,55.710589],[12.489258,55.710633],[12.489306,55.710675],[12.489358,55.710715],[12.489414,55.710754],[12.489473,55.710791],[12.489535,55.710827],[12.4896,55.710861],[12.489669,55.710892],[12.48974,55.710922],[12.489814,55.710949],[12.489891,55.710975],[12.489969,55.710998],[12.49005,55.711019],[12.490132,55.711037],[12.490216,55.711053],[12.490301,55.711066],[12.490388,55.711077],[12.49144,55.711108],[12.491953,55.711064],[12.492593,55.710949],[12.492606,55.710947],[12.492683,55.710935],[12.49276,55.710926],[12.492839,55.710919],[12.492918,55.710914],[12.492998,55.710913],[12.493077,55.710913],[12.493157,55.710917],[12.493236,55.710923],[12.493314,55.710931],[12.493391,55.710942],[12.493467,55.710956],[12.493541,55.710972],[12.493614,55.71099],[12.493684,55.711011],[12.493753,55.711034],[12.493819,55.711059],[12.493882,55.711086],[12.493943,55.711115],[12.494011,55.711151],[12.494072,55.711182],[12.49413,55.711215],[12.494186,55.71125],[12.49424,55.711285],[12.494291,55.711322],[12.494366,55.711392],[12.49447,55.711615],[12.49448,55.711637],[12.494591,55.711811],[12.494604,55.711831],[12.494645,55.711871],[12.494798,55.712021],[12.495034,55.712175],[12.49504,55.712178],[12.495141,55.712233],[12.495281,55.712299],[12.495418,55.71235],[12.495557,55.712391],[12.495712,55.712424],[12.495891,55.712453],[12.496069,55.71247],[12.496216,55.712474],[12.496359,55.71247],[12.496518,55.712453],[12.496694,55.712423],[12.496819,55.712399],[12.496827,55.712398],[12.497083,55.712343],[12.497241,55.712301],[12.497386,55.712264],[12.497511,55.712222],[12.497675,55.712164],[12.497789,55.712119],[12.497949,55.712048],[12.498109,55.71196],[12.498307,55.711849],[12.498442,55.711759],[12.498581,55.711674],[12.498725,55.711609],[12.498882,55.711563],[12.499004,55.711529],[12.499163,55.711499],[12.499362,55.711476],[12.499443,55.711476],[12.499498,55.711476],[12.499885,55.711497],[12.500147,55.711511],[12.500344,55.711513],[12.50055,55.711514],[12.50055,55.711514],[12.500841,55.711515],[12.501236,55.711504],[12.501566,55.711486],[12.501955,55.711452],[12.502207,55.711425],[12.502333,55.711421],[12.502346,55.711421],[12.502457,55.711419],[12.502571,55.711424],[12.502821,55.711454],[12.503057,55.711526],[12.503262,55.711645],[12.503302,55.711684]]]]}},{"type":"Feature","properties":{"name":"Tove Ditlevsens Skole","schoolIds":["101064"]},"geometry":{"type":"MultiPolygon","coordinates":[[[[12.549757,55.672666],[12.549594,55.672581],[12.549707,55.672249],[12.549774,55.671382],[12.549892,55.669814],[12.550012,55.66821],[12.550108,55.666734],[12.550165,55.665575],[12.551013,55.66589],[12.552241,55.664514],[12.547306,55.663808],[12.541719,55.663005],[12.54341,55.665992],[12.543901,55.666865],[12.544302,55.667555],[12.544804,55.668422],[12.54538,55.669426],[12.545479,55.669598],[12.546172,55.670863],[12.545762,55.671538],[12.545676,55.671599],[12.545375,55.671899],[12.54507,55.672236],[12.547071,55.672812],[12.547013,55.672897],[12.547135,55.672919],[12.547281,55.672961],[12.547406,55.673014],[12.547511,55.673073],[12.548471,55.672983],[12.549757,55.672666]]]]}},{"type":"Feature","properties":{"name":"Utterslev Skole","schoolIds":["101540"]},"geometry":{"type":"MultiPolygon","coordinates":[[[[12.516585,55.717122],[12.516163,55.717216],[12.515607,55.717354],[12.515153,55.717481],[12.514691,55.717608],[12.514497,55.717653],[12.514193,55.717704],[12.513887,55.717732],[12.513479,55.717748],[12.513222,55.717739],[12.512965,55.717716],[12.513075,55.718021],[12.513195,55.71833],[12.51325,55.718553],[12.513286,55.718745],[12.513275,55.718864],[12.513269,55.719061],[12.513238,55.719272],[12.51318,55.719456],[12.513137,55.719612],[12.513019,55.719846],[12.512472,55.719819],[12.512227,55.719823],[12.511943,55.719948],[12.511306,55.720068],[12.510838,55.720081],[12.510654,55.720113],[12.510197,55.720109],[12.509567,55.720158],[12.50908,55.720182],[12.508636,55.720216],[12.508378,55.720255],[12.508272,55.720266],[12.508012,55.720253],[12.507742,55.720216],[12.507557,55.720189],[12.507279,55.720109],[12.507104,55.720037],[12.506863,55.719947],[12.506586,55.719895],[12.506339,55.719907],[12.506093,55.719859],[12.505913,55.719831],[12.50568,55.719911],[12.505414,55.719991],[12.505039,55.719983],[12.504849,55.719902],[12.504568,55.719853],[12.504357,55.719854],[12.504058,55.719968],[12.503699,55.720053],[12.502594,55.720533],[12.502207,55.720553],[12.501816,55.720541],[12.501413,55.720514],[12.500985,55.720444],[12.4994,55.720917],[12.499122,55.721016],[12.498931,55.721101],[12.498779,55.721162],[12.497189,55.721788],[12.496123,55.722205],[12.494141,55.722976],[12.492344,55.722704],[12.49816,55.719082],[12.498425,55.718916],[12.498471,55.718888],[12.498532,55.718848],[12.498591,55.718807],[12.498649,55.718765],[12.498705,55.718723],[12.49876,55.71868],[12.498813,55.718637],[12.498864,55.718592],[12.498914,55.718547],[12.498961,55.718502],[12.499007,55.718456],[12.499052,55.718409],[12.499094,55.718362],[12.499135,55.718314],[12.499173,55.718266],[12.49921,55.718218],[12.499245,55.718169],[12.499278,55.718119],[12.49931,55.718069],[12.499339,55.718019],[12.499366,55.717969],[12.499382,55.717938],[12.499396,55.717919],[12.499583,55.717667],[12.499757,55.717401],[12.49997,55.717166],[12.500307,55.716866],[12.500329,55.716846],[12.500763,55.716484],[12.501185,55.71614],[12.501543,55.715816],[12.502045,55.715358],[12.502472,55.714934],[12.502989,55.714454],[12.503646,55.713859],[12.504183,55.71336],[12.504827,55.712764],[12.505478,55.712174],[12.505625,55.712038],[12.50579,55.711896],[12.506086,55.711624],[12.506373,55.711372],[12.506575,55.711201],[12.506844,55.71096],[12.507167,55.710672],[12.50722,55.710635],[12.508063,55.709882],[12.508262,55.709732],[12.508439,55.709629],[12.509168,55.709292],[12.509454,55.709185],[12.510087,55.70901],[12.511919,55.708584],[12.512882,55.708266],[12.513992,55.707699],[12.514636,55.707341],[12.515937,55.706643],[12.516827,55.706647],[12.517196,55.706632],[12.521608,55.706033],[12.522005,55.706955],[12.522261,55.707177],[12.522261,55.707177],[12.522439,55.707331],[12.524985,55.708557],[12.524199,55.70874],[12.524453,55.7091],[12.525332,55.708927],[12.525779,55.709167],[12.523361,55.709648],[12.523372,55.71142],[12.521877,55.711274],[12.521028,55.713121],[12.519907,55.715578],[12.520075,55.715751],[12.520093,55.715768],[12.520148,55.715819],[12.520204,55.715869],[12.52026,55.71592],[12.520318,55.71597],[12.520377,55.716019],[12.520436,55.716068],[12.520497,55.716117],[12.520558,55.716166],[12.52062,55.716214],[12.520684,55.716261],[12.520748,55.716309],[12.520813,55.716355],[12.520879,55.716402],[12.520946,55.716448],[12.521013,55.716494],[12.521082,55.716539],[12.521151,55.716584],[12.521222,55.716628],[12.521293,55.716672],[12.521365,55.716716],[12.521456,55.716769],[12.520689,55.716791],[12.520051,55.716797],[12.519405,55.716808],[12.519014,55.716825],[12.518593,55.716853],[12.518185,55.71689],[12.51787,55.716922],[12.51737,55.716987],[12.517,55.717044],[12.516585,55.717122]]]]}},{"type":"Feature","properties":{"name":"Valby Skole","schoolIds":["101074"]},"geometry":{"type":"MultiPolygon","coordinates":[[[[12.51884,55.663442],[12.518906,55.663533],[12.519876,55.663499],[12.520799,55.66346],[12.521727,55.66342],[12.5232,55.663394],[12.523699,55.663401],[12.523818,55.663461],[12.524416,55.663449],[12.525001,55.663438],[12.52675,55.663409],[12.529609,55.663368],[12.529776,55.663366],[12.530582,55.663379],[12.530545,55.66387],[12.530128,55.663893],[12.529634,55.664789],[12.528901,55.666126],[12.528229,55.667354],[12.526738,55.667071],[12.526583,55.667042],[12.526215,55.666972],[12.525386,55.666831],[12.524338,55.66666],[12.523571,55.666534],[12.523571,55.666534],[12.523466,55.666518],[12.523452,55.666517],[12.523429,55.666514],[12.5234,55.666511],[12.523398,55.666511],[12.523371,55.666509],[12.523313,55.666506],[12.523266,55.666667],[12.523255,55.666696],[12.523241,55.666725],[12.523091,55.666699],[12.523089,55.666698],[12.522538,55.666719],[12.522527,55.666712],[12.522228,55.666786],[12.521963,55.666851],[12.52158,55.666945],[12.520956,55.6671],[12.520756,55.66715],[12.520762,55.667183],[12.520377,55.667211],[12.52032,55.667215],[12.520329,55.667256],[12.520272,55.66727],[12.519986,55.66734],[12.519538,55.667449],[12.519548,55.667517],[12.519188,55.667534],[12.518982,55.667584],[12.518499,55.6677],[12.517921,55.667839],[12.517605,55.667915],[12.517602,55.667957],[12.51734,55.667952],[12.517337,55.667989],[12.517036,55.668058],[12.51668,55.668149],[12.515317,55.668497],[12.51471,55.668653],[12.514155,55.668797],[12.513996,55.668837],[12.513922,55.668857],[12.513573,55.668947],[12.513213,55.66904],[12.51294,55.66911],[12.512444,55.669238],[12.511878,55.669385],[12.511778,55.669412],[12.511749,55.669419],[12.511605,55.669457],[12.511392,55.669511],[12.511004,55.669612],[12.510976,55.669515],[12.510958,55.669507],[12.510324,55.669476],[12.509881,55.669454],[12.509597,55.66944],[12.509549,55.669438],[12.509427,55.669432],[12.509278,55.669424],[12.509198,55.66942],[12.508786,55.6694],[12.508011,55.669363],[12.507247,55.66932],[12.506937,55.669302],[12.506635,55.669287],[12.506421,55.669277],[12.506234,55.669267],[12.505859,55.669248],[12.505296,55.66922],[12.505188,55.669214],[12.504978,55.669204],[12.50372,55.669143],[12.503629,55.668863],[12.503574,55.668567],[12.503564,55.668272],[12.503595,55.667981],[12.503662,55.667693],[12.503805,55.667389],[12.504004,55.666927],[12.504108,55.666815],[12.504171,55.666713],[12.504202,55.666661],[12.504233,55.66661],[12.504265,55.66656],[12.504298,55.66651],[12.504333,55.66646],[12.504368,55.66641],[12.504405,55.666361],[12.504442,55.666311],[12.504481,55.666262],[12.504521,55.666214],[12.504561,55.666165],[12.504603,55.666117],[12.504646,55.666069],[12.504689,55.666022],[12.504734,55.665974],[12.50478,55.665927],[12.504806,55.665902],[12.504827,55.665881],[12.504874,55.665834],[12.504923,55.665788],[12.504973,55.665743],[12.505024,55.665697],[12.505075,55.665652],[12.505128,55.665608],[12.505181,55.665563],[12.505236,55.66552],[12.505257,55.665503],[12.505291,55.665476],[12.505348,55.665433],[12.505405,55.66539],[12.505463,55.665348],[12.505522,55.665306],[12.505582,55.665264],[12.505643,55.665223],[12.505705,55.665182],[12.505767,55.665142],[12.505831,55.665102],[12.505895,55.665063],[12.505907,55.665056],[12.50596,55.665024],[12.506026,55.664985],[12.506093,55.664947],[12.50616,55.66491],[12.506229,55.664872],[12.506298,55.664836],[12.506368,55.664799],[12.506439,55.664764],[12.50651,55.664728],[12.506582,55.664694],[12.506655,55.664659],[12.506729,55.664626],[12.506803,55.664592],[12.506878,55.664559],[12.506954,55.664527],[12.507323,55.664384],[12.507313,55.664349],[12.50742,55.66427],[12.507451,55.664158],[12.507525,55.663973],[12.507621,55.663733],[12.50772,55.663522],[12.507748,55.663439],[12.510121,55.663405],[12.511307,55.663391],[12.512426,55.663368],[12.513018,55.663355],[12.514079,55.663374],[12.516287,55.663469],[12.518227,55.663455],[12.51884,55.663442]]]]}},{"type":"Feature","properties":{"name":"Vesterbro Ny Skole","schoolIds":["101572"]},"geometry":{"type":"MultiPolygon","coordinates":[[[[12.54507,55.672236],[12.545375,55.671899],[12.545676,55.671599],[12.545762,55.671538],[12.546172,55.670863],[12.545479,55.669598],[12.54538,55.669426],[12.544804,55.668422],[12.544302,55.667555],[12.543901,55.666865],[12.54341,55.665992],[12.541719,55.663005],[12.541592,55.662504],[12.541286,55.662554],[12.540491,55.662707],[12.539263,55.662861],[12.537336,55.663047],[12.534998,55.663153],[12.535045,55.663624],[12.535271,55.66447],[12.535243,55.665711],[12.532969,55.665722],[12.53294,55.666148],[12.532018,55.666161],[12.530428,55.666087],[12.528918,55.666098],[12.528229,55.667354],[12.52829,55.667365],[12.528314,55.667369],[12.52847,55.6674],[12.52883,55.667476],[12.529053,55.667526],[12.529211,55.667563],[12.529345,55.667594],[12.529402,55.667608],[12.529459,55.667622],[12.529497,55.667631],[12.529563,55.667647],[12.529611,55.667661],[12.529659,55.667675],[12.529706,55.66769],[12.529753,55.667705],[12.529795,55.66772],[12.529836,55.667736],[12.529877,55.667751],[12.529918,55.667767],[12.529927,55.667771],[12.529953,55.667784],[12.530297,55.667752],[12.530941,55.66787],[12.531465,55.667979],[12.531542,55.667995],[12.532597,55.668225],[12.534931,55.668819],[12.534899,55.668933],[12.535035,55.66897],[12.534822,55.669292],[12.535378,55.66945],[12.535761,55.669559],[12.536835,55.669866],[12.537603,55.670086],[12.538068,55.670219],[12.538319,55.670293],[12.539405,55.670209],[12.539511,55.670637],[12.539619,55.670668],[12.539885,55.670746],[12.5403,55.67086],[12.540413,55.670891],[12.540412,55.670893],[12.541387,55.671181],[12.542016,55.671358],[12.542544,55.671511],[12.54299,55.671639],[12.543526,55.671792],[12.54507,55.672236]]]]}},{"type":"Feature","properties":{"name":"Vibenshus Skole","schoolIds":["101042"]},"geometry":{"type":"MultiPolygon","coordinates":[[[[12.615915,55.720652],[12.611026,55.722514],[12.604746,55.724812],[12.604453,55.724804],[12.603942,55.72509],[12.603268,55.725362],[12.602952,55.725348],[12.602768,55.725445],[12.602554,55.725637],[12.602457,55.72569],[12.602366,55.725703],[12.602271,55.725699],[12.60219,55.725653],[12.602146,55.725589],[12.601967,55.724991],[12.602016,55.724941],[12.602074,55.724929],[12.602288,55.724966],[12.602315,55.725014],[12.602413,55.725271],[12.602517,55.725258],[12.604459,55.724535],[12.604666,55.724525],[12.606522,55.723809],[12.606057,55.723059],[12.601918,55.723909],[12.601981,55.724188],[12.60204,55.724273],[12.602598,55.724551],[12.602647,55.724609],[12.602627,55.724649],[12.602571,55.724685],[12.602491,55.724711],[12.602396,55.724711],[12.60231,55.724692],[12.602017,55.72456],[12.601851,55.72448],[12.601735,55.72441],[12.601694,55.724372],[12.601647,55.724292],[12.60146,55.72379],[12.601305,55.72368],[12.601226,55.723589],[12.601242,55.723539],[12.601157,55.723475],[12.601204,55.723351],[12.601251,55.723139],[12.601233,55.722987],[12.600297,55.720743],[12.600389,55.720727],[12.600304,55.720527],[12.601634,55.720251],[12.604779,55.7196],[12.603961,55.718342],[12.601067,55.718948],[12.600951,55.718766],[12.600946,55.718767],[12.598691,55.719226],[12.598586,55.719054],[12.596181,55.719585],[12.596139,55.719592],[12.596089,55.719597],[12.596043,55.719599],[12.595996,55.719601],[12.595949,55.719601],[12.595902,55.7196],[12.59585,55.719597],[12.59581,55.71959],[12.595687,55.719719],[12.595638,55.719728],[12.595612,55.719709],[12.595768,55.719555],[12.59554,55.719331],[12.595756,55.719269],[12.594054,55.717437],[12.593852,55.717493],[12.593566,55.717158],[12.593768,55.717105],[12.590649,55.712737],[12.590579,55.71263],[12.590079,55.712603],[12.590059,55.712572],[12.59005,55.712172],[12.590875,55.712165],[12.592663,55.710405],[12.59269,55.710372],[12.591757,55.710079],[12.591772,55.70999],[12.591635,55.709974],[12.591219,55.710812],[12.591219,55.710812],[12.590247,55.710661],[12.590622,55.709874],[12.590422,55.709847],[12.590025,55.710691],[12.589238,55.711461],[12.589359,55.711501],[12.589313,55.711546],[12.58925,55.711526],[12.589235,55.711541],[12.589256,55.711548],[12.58921,55.711593],[12.58913,55.711568],[12.588992,55.711703],[12.588529,55.712158],[12.588575,55.712173],[12.588372,55.712368],[12.588363,55.712388],[12.589848,55.714482],[12.589781,55.714556],[12.589713,55.714538],[12.589835,55.714709],[12.589415,55.714807],[12.588818,55.71463],[12.588521,55.714701],[12.5885,55.71469],[12.588464,55.714631],[12.58841,55.71462],[12.588073,55.714131],[12.588005,55.714082],[12.586931,55.712577],[12.587306,55.71209],[12.588293,55.711002],[12.588897,55.710406],[12.5891,55.710171],[12.589291,55.709912],[12.587396,55.709662],[12.586972,55.709474],[12.585797,55.70919],[12.58529,55.709065],[12.585284,55.709064],[12.585278,55.709062],[12.585271,55.709059],[12.585264,55.709057],[12.585258,55.709056],[12.585251,55.709054],[12.585244,55.709052],[12.585237,55.70905],[12.58523,55.709048],[12.585223,55.709047],[12.585216,55.709045],[12.585209,55.709044],[12.585202,55.709042],[12.585195,55.709041],[12.585188,55.70904],[12.58518,55.709039],[12.585173,55.709037],[12.585166,55.709036],[12.585159,55.709035],[12.585151,55.709035],[12.585144,55.709034],[12.585136,55.709033],[12.585129,55.709032],[12.585121,55.709032],[12.585114,55.709031],[12.585107,55.70903],[12.585099,55.70903],[12.585092,55.70903],[12.585084,55.709029],[12.585076,55.709029],[12.585069,55.709029],[12.585061,55.709029],[12.585054,55.709029],[12.585046,55.709029],[12.585039,55.709029],[12.585031,55.709029],[12.585024,55.70903],[12.585016,55.70903],[12.585009,55.709031],[12.585001,55.709031],[12.584994,55.709032],[12.584986,55.709032],[12.584979,55.709033],[12.584971,55.709034],[12.584964,55.709035],[12.584957,55.709036],[12.584949,55.709037],[12.584942,55.709038],[12.584935,55.709039],[12.584928,55.70904],[12.58492,55.709041],[12.584913,55.709043],[12.584906,55.709044],[12.584899,55.709045],[12.584892,55.709047],[12.584885,55.709049],[12.584878,55.70905],[12.584871,55.709052],[12.584864,55.709054],[12.584858,55.709056],[12.584851,55.709058],[12.584844,55.70906],[12.584838,55.709062],[12.584831,55.709064],[12.584825,55.709066],[12.584818,55.709068],[12.584812,55.709071],[12.584806,55.709073],[12.584799,55.709075],[12.584793,55.709078],[12.584787,55.709081],[12.584781,55.709083],[12.584775,55.709086],[12.58477,55.709089],[12.584764,55.709091],[12.584758,55.709094],[12.584757,55.709095],[12.584751,55.709098],[12.584744,55.709102],[12.584738,55.709105],[12.584732,55.709108],[12.584726,55.709111],[12.584719,55.709115],[12.584713,55.709118],[12.584706,55.709121],[12.584699,55.709124],[12.584693,55.709126],[12.584686,55.709129],[12.584679,55.709132],[12.584672,55.709135],[12.584665,55.709137],[12.584658,55.70914],[12.584651,55.709143],[12.584643,55.709145],[12.584636,55.709147],[12.584629,55.70915],[12.584621,55.709152],[12.584614,55.709154],[12.584606,55.709156],[12.584598,55.709158],[12.584591,55.709161],[12.584583,55.709162],[12.584575,55.709164],[12.584567,55.709166],[12.584559,55.709168],[12.584551,55.70917],[12.584544,55.709171],[12.584536,55.709173],[12.584527,55.709174],[12.584519,55.709176],[12.584511,55.709177],[12.584503,55.709178],[12.584495,55.70918],[12.584487,55.709181],[12.584478,55.709182],[12.58447,55.709183],[12.584462,55.709184],[12.584453,55.709185],[12.584445,55.709185],[12.584437,55.709186],[12.584428,55.709187],[12.58442,55.709187],[12.584411,55.709188],[12.584403,55.709188],[12.584395,55.709189],[12.584386,55.709189],[12.584378,55.709189],[12.584369,55.709189],[12.584361,55.709189],[12.584352,55.709189],[12.578545,55.709223],[12.577528,55.709177],[12.576806,55.709056],[12.572597,55.70823],[12.570358,55.70779],[12.570539,55.707483],[12.571961,55.706714],[12.575203,55.704966],[12.577429,55.704987],[12.577413,55.705885],[12.578479,55.70598],[12.58206,55.706317],[12.582061,55.706293],[12.582073,55.706248],[12.582071,55.706199],[12.582054,55.706152],[12.582047,55.70614],[12.581499,55.705576],[12.581496,55.705573],[12.58147,55.70553],[12.581484,55.705485],[12.581536,55.705447],[12.581633,55.705447],[12.582184,55.705509],[12.583801,55.705671],[12.586524,55.705943],[12.586123,55.706751],[12.590574,55.707251],[12.590619,55.707253],[12.590871,55.707276],[12.591551,55.707727],[12.591753,55.707781],[12.593237,55.708764],[12.593249,55.708773],[12.593307,55.708817],[12.593362,55.708862],[12.593415,55.708908],[12.593465,55.708955],[12.593512,55.709004],[12.593556,55.709052],[12.593598,55.709102],[12.593637,55.709153],[12.593672,55.709204],[12.593705,55.709256],[12.593735,55.709308],[12.593761,55.709361],[12.593785,55.709414],[12.593805,55.709468],[12.593822,55.709522],[12.593837,55.709576],[12.593848,55.709631],[12.593855,55.709686],[12.59386,55.709741],[12.593862,55.709796],[12.59386,55.709851],[12.593855,55.709906],[12.593847,55.70996],[12.593836,55.710015],[12.593822,55.710069],[12.593804,55.710123],[12.593783,55.710177],[12.59376,55.71023],[12.593733,55.710283],[12.593703,55.710336],[12.59367,55.710387],[12.593635,55.710438],[12.593628,55.710447],[12.593202,55.711016],[12.592543,55.711708],[12.592537,55.711716],[12.592506,55.71176],[12.592478,55.711803],[12.592453,55.711848],[12.592432,55.711893],[12.592413,55.711938],[12.592398,55.711984],[12.592385,55.71203],[12.592376,55.712077],[12.59237,55.712123],[12.592367,55.71217],[12.592368,55.712216],[12.592371,55.712263],[12.592378,55.712309],[12.592388,55.712356],[12.592401,55.712402],[12.592417,55.712447],[12.592436,55.712493],[12.592459,55.712537],[12.592484,55.712582],[12.592512,55.712626],[12.592544,55.712669],[12.592553,55.712681],[12.593299,55.713769],[12.594775,55.71348],[12.599365,55.712521],[12.600278,55.713937],[12.600533,55.714216],[12.600683,55.71418],[12.600659,55.714149],[12.600783,55.714002],[12.600727,55.713925],[12.601183,55.713786],[12.6012,55.713813],[12.601442,55.713769],[12.601587,55.713707],[12.601692,55.713651],[12.601882,55.713616],[12.601985,55.713588],[12.602124,55.713613],[12.602343,55.713787],[12.60248,55.713988],[12.602806,55.714536],[12.602806,55.714548],[12.602807,55.714561],[12.602808,55.714573],[12.602808,55.714585],[12.602811,55.714597],[12.602825,55.714608],[12.602844,55.714613],[12.602866,55.714615],[12.603033,55.714608],[12.603041,55.714608],[12.60561,55.714062],[12.605922,55.714011],[12.606241,55.714543],[12.616894,55.712381],[12.616936,55.712403],[12.617708,55.712243],[12.631297,55.718461],[12.639844,55.722387],[12.633266,55.724664],[12.632446,55.724941],[12.632488,55.724985],[12.63251,55.72502],[12.632503,55.725051],[12.632455,55.725082],[12.632368,55.725096],[12.632093,55.725113],[12.63167,55.725141],[12.631234,55.725164],[12.631008,55.725172],[12.630783,55.725179],[12.630464,55.725189],[12.629766,55.725199],[12.62917,55.725191],[12.62863,55.725169],[12.627686,55.725123],[12.627031,55.725074],[12.62627,55.724995],[12.625403,55.724892],[12.624747,55.724797],[12.623863,55.724643],[12.62275,55.724408],[12.621574,55.724108],[12.621261,55.724018],[12.620967,55.723925],[12.620756,55.723849],[12.620544,55.723756],[12.620335,55.723663],[12.620156,55.723569],[12.619998,55.723475],[12.61928,55.722977],[12.616039,55.720727],[12.615948,55.720665],[12.615915,55.720652]]]]}},{"type":"Feature","properties":{"name":"Vigerslev Allés Skole","schoolIds":["101075"]},"geometry":{"type":"MultiPolygon","coordinates":[[[[12.514231,55.658431],[12.515565,55.660085],[12.516685,55.661361],[12.516726,55.661638],[12.516287,55.663469],[12.514079,55.663374],[12.513018,55.663355],[12.512426,55.663368],[12.511307,55.663391],[12.510121,55.663405],[12.507748,55.663439],[12.50772,55.663522],[12.507621,55.663733],[12.507525,55.663973],[12.494029,55.664119],[12.494015,55.663978],[12.493987,55.66394],[12.493967,55.663887],[12.493949,55.663834],[12.493933,55.663781],[12.493919,55.663728],[12.493907,55.663674],[12.493897,55.663621],[12.493889,55.663567],[12.49388,55.663459],[12.493878,55.663405],[12.49388,55.663297],[12.493884,55.663244],[12.493891,55.66319],[12.493899,55.663136],[12.49391,55.663082],[12.493922,55.663029],[12.493936,55.662976],[12.493953,55.662923],[12.493971,55.66287],[12.493992,55.662817],[12.494014,55.662765],[12.494038,55.662712],[12.494065,55.662661],[12.494093,55.662609],[12.494123,55.662558],[12.494155,55.662507],[12.494189,55.662457],[12.494225,55.662407],[12.494263,55.662357],[12.494303,55.662308],[12.494344,55.66226],[12.494387,55.662212],[12.494432,55.662164],[12.494479,55.662117],[12.494504,55.662094],[12.494528,55.662071],[12.494578,55.662025],[12.494631,55.66198],[12.494684,55.661936],[12.49474,55.661892],[12.494768,55.66187],[12.494797,55.661849],[12.494856,55.661806],[12.494916,55.661764],[12.494978,55.661723],[12.495027,55.661692],[12.495101,55.661656],[12.496305,55.661066],[12.496978,55.660752],[12.49736,55.660577],[12.49797,55.660338],[12.498104,55.660285],[12.498849,55.659993],[12.49939,55.659766],[12.499996,55.659526],[12.501297,55.659017],[12.501963,55.658764],[12.502691,55.658488],[12.503452,55.658195],[12.504457,55.657805],[12.504745,55.657693],[12.504903,55.657631],[12.50534,55.657466],[12.50667,55.656958],[12.507621,55.656589],[12.5078,55.657292],[12.507678,55.657347],[12.50839,55.659426],[12.510856,55.65933],[12.514231,55.658431]]]]}},{"type":"Feature","properties":{"name":"Ålholm Skole","schoolIds":["101076"]},"geometry":{"type":"MultiPolygon","coordinates":[[[[12.493297,55.672602],[12.492972,55.674706],[12.49291,55.674988],[12.492781,55.67583],[12.492662,55.676673],[12.492622,55.676956],[12.492601,55.677236],[12.492593,55.677519],[12.492597,55.677618],[12.492444,55.67781],[12.492202,55.678087],[12.492054,55.678251],[12.491451,55.678937],[12.491316,55.679083],[12.491098,55.678981],[12.490842,55.678826],[12.490286,55.678492],[12.489414,55.678114],[12.488139,55.67765],[12.487758,55.677547],[12.48739,55.677465],[12.487336,55.677453],[12.487088,55.677427],[12.486838,55.677105],[12.486567,55.67691],[12.484755,55.675862],[12.484604,55.675747],[12.484468,55.675212],[12.484283,55.674088],[12.484152,55.673814],[12.48389,55.673627],[12.482792,55.673102],[12.48261,55.672991],[12.482544,55.672941],[12.482501,55.672878],[12.482468,55.672817],[12.482444,55.672748],[12.482431,55.672668],[12.482003,55.672665],[12.481519,55.672279],[12.484636,55.671472],[12.48582,55.671161],[12.485704,55.67102],[12.486315,55.670858],[12.486432,55.671001],[12.489318,55.670244],[12.489258,55.670171],[12.489557,55.670092],[12.489627,55.670145],[12.489638,55.67016],[12.490171,55.67002],[12.487501,55.667927],[12.492012,55.666071],[12.492971,55.665748],[12.494097,55.665771],[12.494041,55.665733],[12.494027,55.665687],[12.493947,55.665024],[12.493999,55.665022],[12.493913,55.6644],[12.493896,55.664401],[12.493882,55.6643],[12.49402,55.664297],[12.494029,55.664119],[12.507525,55.663973],[12.507451,55.664158],[12.50742,55.66427],[12.507313,55.664349],[12.507323,55.664384],[12.506954,55.664527],[12.506878,55.664559],[12.506803,55.664592],[12.506729,55.664626],[12.506655,55.664659],[12.506582,55.664694],[12.50651,55.664728],[12.506439,55.664764],[12.506368,55.664799],[12.506298,55.664836],[12.506229,55.664872],[12.50616,55.66491],[12.506093,55.664947],[12.506026,55.664985],[12.50596,55.665024],[12.505907,55.665056],[12.505895,55.665063],[12.505831,55.665102],[12.505767,55.665142],[12.505705,55.665182],[12.505643,55.665223],[12.505582,55.665264],[12.505522,55.665306],[12.505463,55.665348],[12.505405,55.66539],[12.505348,55.665433],[12.505291,55.665476],[12.505257,55.665503],[12.505236,55.66552],[12.505181,55.665563],[12.505128,55.665608],[12.505075,55.665652],[12.505024,55.665697],[12.504973,55.665743],[12.504923,55.665788],[12.504874,55.665834],[12.504827,55.665881],[12.504806,55.665902],[12.50478,55.665927],[12.504734,55.665974],[12.504689,55.666022],[12.504646,55.666069],[12.504603,55.666117],[12.504561,55.666165],[12.504521,55.666214],[12.504481,55.666262],[12.504442,55.666311],[12.504405,55.666361],[12.504368,55.66641],[12.504333,55.66646],[12.504298,55.66651],[12.504265,55.66656],[12.504233,55.66661],[12.504202,55.666661],[12.504171,55.666713],[12.504108,55.666815],[12.504004,55.666927],[12.503805,55.667389],[12.503662,55.667693],[12.503595,55.667981],[12.503564,55.668272],[12.503574,55.668567],[12.503629,55.668863],[12.50372,55.669143],[12.503072,55.669111],[12.502631,55.669361],[12.501056,55.669289],[12.501027,55.669124],[12.49879,55.669021],[12.496581,55.66893],[12.496577,55.66893],[12.496533,55.668928],[12.496419,55.669215],[12.496367,55.66937],[12.496225,55.669841],[12.495951,55.670755],[12.495921,55.670854],[12.495916,55.670864],[12.495883,55.670972],[12.495799,55.671284],[12.495688,55.671623],[12.495449,55.672329],[12.495289,55.672319],[12.495235,55.672503],[12.495222,55.672505],[12.495216,55.672523],[12.494608,55.672535],[12.493366,55.672562],[12.493365,55.672567],[12.493297,55.672602]]]]}},{"type":"Feature","properties":{"name":"Øster Farimagsgades Skole","schoolIds":["101043"]},"geometry":{"type":"MultiPolygon","coordinates":[[[[12.573895,55.695461],[12.573384,55.695095],[12.572984,55.694613],[12.57237,55.69387],[12.570233,55.69253],[12.569417,55.691959],[12.568488,55.691432],[12.566476,55.690095],[12.56621,55.689894],[12.563989,55.688211],[12.563097,55.687535],[12.562629,55.68714],[12.563377,55.686883],[12.563655,55.686768],[12.563815,55.686707],[12.56536,55.686123],[12.565901,55.686615],[12.569244,55.685746],[12.57056,55.685404],[12.573771,55.684569],[12.576164,55.686289],[12.576705,55.686616],[12.578404,55.687482],[12.578917,55.687686],[12.58229,55.689341],[12.584054,55.690024],[12.58399,55.690093],[12.584274,55.690179],[12.584341,55.690144],[12.584464,55.690218],[12.584492,55.690203],[12.58471,55.690336],[12.584565,55.690412],[12.586211,55.691415],[12.586201,55.69142],[12.586692,55.691719],[12.58667,55.691731],[12.586796,55.691807],[12.586895,55.691869],[12.587206,55.692067],[12.585597,55.692912],[12.585166,55.693138],[12.585052,55.693197],[12.580389,55.695624],[12.580113,55.695901],[12.579824,55.696308],[12.579357,55.697082],[12.578901,55.697818],[12.578653,55.697704],[12.577135,55.696987],[12.573895,55.695461]]]]}}]}